state_id,a,b,r,U,L,new_blue,new_red,blue_target,blue_power,red_allowed,red_target,red_power,c0,c1,c2,c3,c4,lower_bound,upper_bound,status
q001,N,Bo,Ro,Bo Bo Bo,Ro Ro Ro,Bo,Ro,q001,0,1,q001,0,-3192,-13944,-16416,18360,7128,384205810816273278357531/125000000000000000000000,98994788824979509071/30517578125000000000,positive
q001,N,Bo,Ro,Bo Bo Bo,Ro Ro Ro,Bo,R,q001,0,1,q002,0,-1596,-6972,-8208,9180,3564,384205810816273278357531/250000000000000000000000,98994788824979509071/61035156250000000000,positive
q001,N,Bo,Ro,Bo Bo Bo,Ro Ro Ro,B,Ro,q009,0,1,q001,0,-1596,-6972,-8208,9180,3564,384205810816273278357531/250000000000000000000000,98994788824979509071/61035156250000000000,positive
q001,N,Bo,Ro,Bo Bo Bo,Ro Ro Ro,B,R,q009,0,1,q002,0,0,0,0,0,0,0,0,zero
q002,N,Bo,Ro,Bo Bo Bo,Ro Ro R,Bo,Ro,q002,0,1,q003,0,-180,-684,-960,996,396,203047867276943673373059/250000000000000000000000,50144761124361674619/61035156250000000000,positive
q002,N,Bo,Ro,Bo Bo Bo,Ro Ro R,Bo,R,q002,0,1,q004,0,-180,-684,-960,996,396,203047867276943673373059/250000000000000000000000,50144761124361674619/61035156250000000000,positive
q002,N,Bo,Ro,Bo Bo Bo,Ro Ro R,B,Ro,q010,0,1,q003,0,0,0,0,0,0,0,0,zero
q002,N,Bo,Ro,Bo Bo Bo,Ro Ro R,B,R,q010,0,1,q004,0,0,0,0,0,0,0,0,zero
q003,N,Bo,Ro,Bo Bo Bo,Ro R Ro,Bo,Ro,q003,0,1,q005,0,-1400,-6464,-6684,7972,3036,607525821180670723860119/250000000000000000000000,19096568208528835963/7629394531250000000,positive
q003,N,Bo,Ro,Bo Bo Bo,Ro R Ro,Bo,R,q003,0,1,q006,0,0,0,0,0,0,0,0,zero
q003,N,Bo,Ro,Bo Bo Bo,Ro R Ro,B,Ro,q011,0,1,q005,0,-1400,-6464,-6684,7972,3036,607525821180670723860119/250000000000000000000000,19096568208528835963/7629394531250000000,positive
q003,N,Bo,Ro,Bo Bo Bo,Ro R Ro,B,R,q011,0,1,q006,0,0,0,0,0,0,0,0,zero
q004,N,Bo,Ro,Bo Bo Bo,Ro R R,Bo,Ro,q004,0,1,q007,0,0,0,0,0,0,0,0,zero
q004,N,Bo,Ro,Bo Bo Bo,Ro R R,Bo,R,q004,0,1,q008,0,0,0,0,0,0,0,0,zero
q004,N,Bo,Ro,Bo Bo Bo,Ro R R,B,Ro,q012,0,1,q007,0,6078,27396,26232,-32706,-12312,22370310602997826683/15258789062500000000,220307397894866639177901/125000000000000000000000,positive
q004,N,Bo,Ro,Bo Bo Bo,Ro R R,B,R,q012,0,1,q008,0,6078,27396,26232,-32706,-12312,22370310602997826683/15258789062500000000,220307397894866639177901/125000000000000000000000,positive
q005,N,Bo,Ro,Bo Bo Bo,R Ro Ro,Bo,Ro,q005,0,1,q065,2,-2044,-9520,-9780,11696,4452,668615539161960487648633/250000000000000000000000,42440953768814782807/15258789062500000000,positive
q005,N,Bo,Ro,Bo Bo Bo,R Ro Ro,Bo,R,q005,0,1,q066,2,-1144,-5308,-5412,6500,2472,73028598726730951391669/125000000000000000000000,39283129341476320633/61035156250000000000,positive
q005,N,Bo,Ro,Bo Bo Bo,R Ro Ro,B,Ro,q013,0,1,q065,2,-900,-4212,-4368,5196,1980,104511668341699716973059/50000000000000000000000,26096137146756562119/12207031250000000000,positive
q005,N,Bo,Ro,Bo Bo Bo,R Ro Ro,B,R,q013,0,1,q066,2,0,0,0,0,0,0,0,zero
q006,N,Bo,Ro,Bo Bo Bo,R Ro R,Bo,Ro,q006,0,1,q067,2,0,0,0,0,0,0,0,zero
q006,N,Bo,Ro,Bo Bo Bo,R Ro R,Bo,R,q006,0,1,q068,2,0,0,0,0,0,0,0,zero
q006,N,Bo,Ro,Bo Bo Bo,R Ro R,B,Ro,q014,0,1,q067,2,-16,-24,-64,56,24,73368873661040917193123/125000000000000000000000,17929014592214895443/30517578125000000000,positive
q006,N,Bo,Ro,Bo Bo Bo,R Ro R,B,R,q014,0,1,q068,2,-16,-24,-64,56,24,73368873661040917193123/125000000000000000000000,17929014592214895443/30517578125000000000,positive
q007,N,Bo,Ro,Bo Bo Bo,R R Ro,Bo,Ro,q007,0,1,q069,2,1012,4672,4668,-5672,-2148,86058454924124162539/30517578125000000000,717910410513236267430983/250000000000000000000000,positive
q007,N,Bo,Ro,Bo Bo Bo,R R Ro,Bo,R,q007,0,1,q070,2,0,0,0,0,0,0,0,zero
q007,N,Bo,Ro,Bo Bo Bo,R R Ro,B,Ro,q015,0,1,q069,2,1698,7802,7688,-9418,-3558,595962771368482189801/122070312500000000000,2483890239606340518478061/500000000000000000000000,positive
q007,N,Bo,Ro,Bo Bo Bo,R R Ro,B,R,q015,0,1,q070,2,686,3130,3020,-3746,-1410,50345790334397107929/24414062500000000000,209613883715973596723219/100000000000000000000000,positive
q008,N,Bo,Ro,Bo Bo Bo,R R R,Bo,Ro,q008,0,1,q071,2,0,0,0,0,0,0,0,zero
q008,N,Bo,Ro,Bo Bo Bo,R R R,Bo,R,q008,0,1,q072,2,0,0,0,0,0,0,0,zero
q008,N,Bo,Ro,Bo Bo Bo,R R R,B,Ro,q016,0,1,q071,2,-3726,-16824,-16092,20070,7560,95386478870030528416749/25000000000000000000000,48796065358226341443/12207031250000000000,positive
q008,N,Bo,Ro,Bo Bo Bo,R R R,B,R,q016,0,1,q072,2,-3726,-16824,-16092,20070,7560,95386478870030528416749/25000000000000000000000,48796065358226341443/12207031250000000000,positive
q009,N,Bo,Ro,Bo Bo B,Ro Ro Ro,Bo,Ro,q017,0,1,q009,0,-180,-684,-960,996,396,203047867276943673373059/250000000000000000000000,50144761124361674619/61035156250000000000,positive
q009,N,Bo,Ro,Bo Bo B,Ro Ro Ro,Bo,R,q017,0,1,q010,0,0,0,0,0,0,0,0,zero
q009,N,Bo,Ro,Bo Bo B,Ro Ro Ro,B,Ro,q025,0,1,q009,0,-180,-684,-960,996,396,203047867276943673373059/250000000000000000000000,50144761124361674619/61035156250000000000,positive
q009,N,Bo,Ro,Bo Bo B,Ro Ro Ro,B,R,q025,0,1,q010,0,0,0,0,0,0,0,0,zero
q010,N,Bo,Ro,Bo Bo B,Ro Ro R,Bo,Ro,q018,0,1,q011,0,0,0,0,0,0,0,0,zero
q010,N,Bo,Ro,Bo Bo B,Ro Ro R,Bo,R,q018,0,1,q012,0,6078,27396,26232,-32706,-12312,22370310602997826683/15258789062500000000,220307397894866639177901/125000000000000000000000,positive
q010,N,Bo,Ro,Bo Bo B,Ro Ro R,B,Ro,q026,0,1,q011,0,38295,172959,164850,-206049,-77499,112031108523961677231/244140625000000000000,2325191304796624344053541/1000000000000000000000000,positive
q010,N,Bo,Ro,Bo Bo B,Ro Ro R,B,R,q026,0,1,q012,0,44373,200355,191082,-238755,-89811,469956078171926904159/244140625000000000000,4087650487955557457476749/1000000000000000000000000,positive
q011,N,Bo,Ro,Bo Bo B,Ro R Ro,Bo,Ro,q019,0,1,q013,0,-240,-1132,-1208,1416,540,62946175281025397338107/50000000000000000000000,15526277428464915237/12207031250000000000,positive
q011,N,Bo,Ro,Bo Bo B,Ro R Ro,Bo,R,q019,0,1,q014,0,0,0,0,0,0,0,0,zero
q011,N,Bo,Ro,Bo Bo B,Ro R Ro,B,Ro,q027,0,1,q013,0,8024,36168,34300,-42996,-16164,90180666636223036327/30517578125000000000,836070279438368100863319/250000000000000000000000,positive
q011,N,Bo,Ro,Bo Bo B,Ro R Ro,B,R,q027,0,1,q014,0,8264,37300,35508,-44412,-16704,102729946130121496469/61035156250000000000,32583712689577569635799/15625000000000000000000,positive
q012,N,Bo,Ro,Bo Bo B,Ro R R,Bo,Ro,q020,0,1,q015,0,0,0,0,0,0,0,0,zero
q012,N,Bo,Ro,Bo Bo B,Ro R R,Bo,R,q020,0,1,q016,0,-4412,-19954,-19112,23816,8970,171932031764148516943777/100000000000000000000000,47246340382055574957/24414062500000000000,positive
q012,N,Bo,Ro,Bo Bo B,Ro R R,B,Ro,q028,0,1,q015,0,-30689,-138705,-132136,165201,62127,2862011702957540298384207/1000000000000000000000000,1064024255735922979087/244140625000000000000,positive
q012,N,Bo,Ro,Bo Bo B,Ro R R,B,R,q028,0,1,q016,0,-35101,-158659,-151248,189017,71097,4581332020599025467821977/1000000000000000000000000,1536487659556478728657/244140625000000000000,positive
q013,N,Bo,Ro,Bo Bo B,R Ro Ro,Bo,Ro,q021,0,1,q073,2,-108,-516,-576,660,252,273165383344452667055583/250000000000000000000000,67061527424032929303/61035156250000000000,positive
q013,N,Bo,Ro,Bo Bo B,R Ro Ro,Bo,R,q021,0,1,q074,2,0,0,0,0,0,0,0,zero
q013,N,Bo,Ro,Bo Bo B,R Ro Ro,B,Ro,q029,0,1,q073,2,1272,5718,5364,-6768,-2538,296019879354247383861/122070312500000000000,1243084483420746986308971/500000000000000000000000,positive
q013,N,Bo,Ro,Bo Bo B,R Ro Ro,B,R,q029,0,1,q074,2,1380,6234,5940,-7428,-2790,32379364901236305051/24414062500000000000,139350743346368330439561/100000000000000000000000,positive
q014,N,Bo,Ro,Bo Bo B,R Ro R,Bo,Ro,q022,0,1,q075,2,0,0,0,0,0,0,0,zero
q014,N,Bo,Ro,Bo Bo B,R Ro R,Bo,R,q022,0,1,q076,2,2778,12564,12012,-14970,-5652,64723132907190927861/30517578125000000000,564163347504541203539067/250000000000000000000000,positive
q014,N,Bo,Ro,Bo Bo B,R Ro R,B,Ro,q030,0,1,q075,2,16997,76747,73042,-91387,-34347,736415920781167479343/244140625000000000000,3843817962767858107934773/1000000000000000000000000,positive
q014,N,Bo,Ro,Bo Bo B,R Ro R,B,R,q030,0,1,q076,2,19775,89311,85054,-106357,-39999,1254200984038694902231/244140625000000000000,6100471352786022922091041/1000000000000000000000000,positive
q015,N,Bo,Ro,Bo Bo B,R R Ro,Bo,Ro,q023,0,1,q077,2,180,840,848,-1028,-384,22265241774511195831/15258789062500000000,11472702374956335588127/7812500000000000000000,positive
q015,N,Bo,Ro,Bo Bo B,R R Ro,Bo,R,q023,0,1,q078,2,0,0,0,0,0,0,0,zero
q015,N,Bo,Ro,Bo Bo B,R R Ro,B,Ro,q031,0,1,q077,2,-5994,-27078,-25784,32234,12138,2362257401338258933687829/500000000000000000000000,612374903356370918689/122070312500000000000,positive
q015,N,Bo,Ro,Bo Bo B,R R Ro,B,R,q031,0,1,q078,2,-6174,-27918,-26632,33262,12522,1628004449341053456047701/500000000000000000000000,434252969160281352041/122070312500000000000,positive
q016,N,Bo,Ro,Bo Bo B,R R R,Bo,Ro,q024,0,1,q079,2,0,0,0,0,0,0,0,zero
q016,N,Bo,Ro,Bo Bo B,R R R,Bo,R,q024,0,1,q080,2,2990,13528,12936,-16122,-6084,122655203216626854149/61035156250000000000,538954348797881372586639/250000000000000000000000,positive
q016,N,Bo,Ro,Bo Bo B,R R R,B,Ro,q032,0,1,q079,2,19369,87491,83286,-104187,-39159,1048961481958058751271/244140625000000000000,5239934848266402806165481/1000000000000000000000000,positive
q016,N,Bo,Ro,Bo Bo B,R R R,B,R,q032,0,1,q080,2,22359,101019,96222,-120309,-45243,1539582294824566167867/244140625000000000000,7395752243457928296512037/1000000000000000000000000,positive
q017,N,Bo,Ro,Bo B Bo,Ro Ro Ro,Bo,Ro,q033,0,1,q017,0,-1400,-6464,-6684,7972,3036,607525821180670723860119/250000000000000000000000,19096568208528835963/7629394531250000000,positive
q017,N,Bo,Ro,Bo B Bo,Ro Ro Ro,Bo,R,q033,0,1,q018,0,-1400,-6464,-6684,7972,3036,607525821180670723860119/250000000000000000000000,19096568208528835963/7629394531250000000,positive
q017,N,Bo,Ro,Bo B Bo,Ro Ro Ro,B,Ro,q041,0,1,q017,0,0,0,0,0,0,0,0,zero
q017,N,Bo,Ro,Bo B Bo,Ro Ro Ro,B,R,q041,0,1,q018,0,0,0,0,0,0,0,0,zero
q018,N,Bo,Ro,Bo B Bo,Ro Ro R,Bo,Ro,q034,0,1,q019,0,-240,-1132,-1208,1416,540,62946175281025397338107/50000000000000000000000,15526277428464915237/12207031250000000000,positive
q018,N,Bo,Ro,Bo B Bo,Ro Ro R,Bo,R,q034,0,1,q020,0,1032,4564,4192,-5360,-2004,200214954016522836019/61035156250000000000,832159425651529471748459/250000000000000000000000,positive
q018,N,Bo,Ro,Bo B Bo,Ro Ro R,B,Ro,q042,0,1,q019,0,0,0,0,0,0,0,0,zero
q018,N,Bo,Ro,Bo B Bo,Ro Ro R,B,R,q042,0,1,q020,0,1272,5696,5400,-6776,-2544,61291783437099129917/30517578125000000000,129357137311600621264481/62500000000000000000000,positive
q019,N,Bo,Ro,Bo B Bo,Ro R Ro,Bo,Ro,q035,0,1,q021,0,-72,-344,-384,440,168,91055127781484222351861/125000000000000000000000,22353842474677643101/30517578125000000000,positive
q019,N,Bo,Ro,Bo B Bo,Ro R Ro,Bo,R,q035,0,1,q022,0,-36,-172,-192,220,84,91055127781484222351861/250000000000000000000000,22353842474677643101/61035156250000000000,positive
q019,N,Bo,Ro,Bo B Bo,Ro R Ro,B,Ro,q043,0,1,q021,0,-36,-172,-192,220,84,91055127781484222351861/250000000000000000000000,22353842474677643101/61035156250000000000,positive
q019,N,Bo,Ro,Bo B Bo,Ro R Ro,B,R,q043,0,1,q022,0,0,0,0,0,0,0,0,zero
q020,N,Bo,Ro,Bo B Bo,Ro R R,Bo,Ro,q036,0,1,q023,0,0,0,0,0,0,0,0,zero
q020,N,Bo,Ro,Bo B Bo,Ro R R,Bo,R,q036,0,1,q024,0,-944,-4260,-4072,5088,1908,538304612783747586706557/250000000000000000000000,134232199387704219187/61035156250000000000,positive
q020,N,Bo,Ro,Bo B Bo,Ro R R,B,Ro,q044,0,1,q023,0,2586,11676,11132,-13898,-5244,26469575075402465821/15258789062500000000,465184078062921398105249/250000000000000000000000,positive
q020,N,Bo,Ro,Bo B Bo,Ro R R,B,R,q044,0,1,q024,0,1642,7416,7060,-8810,-3336,240110499689314082471/61035156250000000000,501744345423334492405903/125000000000000000000000,positive
q021,N,Bo,Ro,Bo B Bo,R Ro Ro,Bo,Ro,q037,0,1,q081,2,-624,-2856,-2784,3432,1296,37093200711445422714321/62500000000000000000000,9531749234492145711/15258789062500000000,positive
q021,N,Bo,Ro,Bo B Bo,R Ro Ro,Bo,R,q037,0,1,q082,2,-624,-2856,-2784,3432,1296,37093200711445422714321/62500000000000000000000,9531749234492145711/15258789062500000000,positive
q021,N,Bo,Ro,Bo B Bo,R Ro Ro,B,Ro,q045,0,1,q081,2,0,0,0,0,0,0,0,zero
q021,N,Bo,Ro,Bo B Bo,R Ro Ro,B,R,q045,0,1,q082,2,0,0,0,0,0,0,0,zero
q022,N,Bo,Ro,Bo B Bo,R Ro R,Bo,Ro,q038,0,1,q083,2,0,0,0,0,0,0,0,zero
q022,N,Bo,Ro,Bo B Bo,R Ro R,Bo,R,q038,0,1,q084,2,568,2560,2432,-3064,-1128,83229211750214539179/30517578125000000000,344349828543296673923219/125000000000000000000000,positive
q022,N,Bo,Ro,Bo B Bo,R Ro R,B,Ro,q046,0,1,q083,2,-8,-40,-56,56,24,98467037437040917193123/125000000000000000000000,6014104656903821517/7629394531250000000,positive
q022,N,Bo,Ro,Bo B Bo,R Ro R,B,R,q046,0,1,q084,2,560,2520,2376,-3008,-1104,107285630377829825247/30517578125000000000,221408432990168795558171/62500000000000000000000,positive
q023,N,Bo,Ro,Bo B Bo,R R Ro,Bo,Ro,q039,0,1,q085,2,28,132,136,-164,-60,5151798956110585807/12207031250000000000,21175789418519522406877/50000000000000000000000,positive
q023,N,Bo,Ro,Bo B Bo,R R Ro,Bo,R,q039,0,1,q086,2,0,0,0,0,0,0,0,zero
q023,N,Bo,Ro,Bo B Bo,R R Ro,B,Ro,q047,0,1,q085,2,290,1306,1228,-1558,-570,57688618558288630333/24414062500000000000,237689350785470925730663/100000000000000000000000,positive
q023,N,Bo,Ro,Bo B Bo,R R Ro,B,R,q047,0,1,q086,2,262,1174,1092,-1394,-510,47385020646067458719/24414062500000000000,195337771948431880916909/100000000000000000000000,positive
q024,N,Bo,Ro,Bo B Bo,R R R,Bo,Ro,q040,0,1,q087,2,0,0,0,0,0,0,0,zero
q024,N,Bo,Ro,Bo B Bo,R R R,Bo,R,q040,0,1,q088,2,636,2872,2736,-3436,-1272,76241705738131072771/30517578125000000000,316155172357402819264481/125000000000000000000000,positive
q024,N,Bo,Ro,Bo B Bo,R R R,B,Ro,q048,0,1,q087,2,-974,-4406,-4224,5230,2010,347493657759121669939241/100000000000000000000000,86002992263614619681/24414062500000000000,positive
q024,N,Bo,Ro,Bo B Bo,R R R,B,R,q048,0,1,q088,2,-338,-1534,-1488,1794,738,3002088978225219626754129/500000000000000000000000,734981784270597389489/122070312500000000000,positive
q025,N,Bo,Ro,Bo B B,Ro Ro Ro,Bo,Ro,q049,0,1,q025,0,0,0,0,0,0,0,0,zero
q025,N,Bo,Ro,Bo B B,Ro Ro Ro,Bo,R,q049,0,1,q026,0,38295,172959,164850,-206049,-77499,112031108523961677231/244140625000000000000,2325191304796624344053541/1000000000000000000000000,positive
q025,N,Bo,Ro,Bo B B,Ro Ro Ro,B,Ro,q057,0,1,q025,0,0,0,0,0,0,0,0,zero
q025,N,Bo,Ro,Bo B B,Ro Ro Ro,B,R,q057,0,1,q026,0,38295,172959,164850,-206049,-77499,112031108523961677231/244140625000000000000,2325191304796624344053541/1000000000000000000000000,positive
q026,N,Bo,Ro,Bo B B,Ro Ro R,Bo,Ro,q050,0,1,q027,0,0,0,0,0,0,0,0,zero
q026,N,Bo,Ro,Bo B B,Ro Ro R,Bo,R,q050,0,1,q028,0,-37681,-170309,-162244,202837,76287,2846368287810185781924767/1000000000000000000000000,1143438738712230032547/244140625000000000000,positive
q026,N,Bo,Ro,Bo B B,Ro Ro R,B,Ro,q058,0,1,q027,0,-29637,-133913,-127622,159523,59997,1172231611151148455266877/1000000000000000000000000,638942781968252245807/244140625000000000000,positive
q026,N,Bo,Ro,Bo B B,Ro Ro R,B,R,q058,0,1,q028,0,-67318,-304222,-289866,362360,136284,1004649974740333559297911/250000000000000000000000,891190760340241139177/122070312500000000000,positive
q027,N,Bo,Ro,Bo B B,Ro R Ro,Bo,Ro,q051,0,1,q029,0,0,0,0,0,0,0,0,zero
q027,N,Bo,Ro,Bo B B,Ro R Ro,Bo,R,q051,0,1,q030,0,15653,70685,67294,-84179,-31641,323206901870093856429/244140625000000000000,2086090018178237914131719/1000000000000000000000000,positive
q027,N,Bo,Ro,Bo B B,Ro R Ro,B,Ro,q059,0,1,q029,0,-6800,-30726,-29284,36600,13770,202507789243117240643457/100000000000000000000000,57534670397026102087/24414062500000000000,positive
q027,N,Bo,Ro,Bo B B,Ro R Ro,B,R,q059,0,1,q030,0,8853,39959,38010,-47579,-17871,898553605840354877299/244140625000000000000,4111167910609410320566289/1000000000000000000000000,positive
q028,N,Bo,Ro,Bo B B,Ro R R,Bo,Ro,q052,0,1,q031,0,0,0,0,0,0,0,0,zero
q028,N,Bo,Ro,Bo B B,Ro R R,Bo,R,q052,0,1,q032,0,24599,111149,105846,-132361,-49773,717384341188312923937/244140625000000000000,4137144400719286240896307/1000000000000000000000000,positive
q028,N,Bo,Ro,Bo B B,Ro R R,B,Ro,q060,0,1,q031,0,17356,78430,74694,-93398,-35124,379820860037413623553/122070312500000000000,989347183603433272228979/250000000000000000000000,positive
q028,N,Bo,Ro,Bo B B,Ro R R,B,R,q060,0,1,q032,0,41955,189579,180540,-225759,-84897,1477026061263140171043/244140625000000000000,8094533135133019329812223/1000000000000000000000000,positive
q029,N,Bo,Ro,Bo B B,R Ro Ro,Bo,Ro,q053,0,1,q089,2,0,0,0,0,0,0,0,zero
q029,N,Bo,Ro,Bo B B,R Ro Ro,Bo,R,q053,0,1,q090,2,17427,78729,74994,-93777,-35253,387144921391856305557/244140625000000000000,2434963835544402223611627/1000000000000000000000000,positive
q029,N,Bo,Ro,Bo B B,R Ro Ro,B,Ro,q061,0,1,q089,2,-1300,-5878,-5604,7004,2634,924050507310105490780997/500000000000000000000000,233342067106614318227/122070312500000000000,positive
q029,N,Bo,Ro,Bo B B,R Ro Ro,B,R,q061,0,1,q090,2,16127,72851,69390,-86773,-32619,853829055605084942011/244140625000000000000,4283064850164613205173621/1000000000000000000000000,positive
q030,N,Bo,Ro,Bo B B,R Ro R,Bo,Ro,q054,0,1,q091,2,0,0,0,0,0,0,0,zero
q030,N,Bo,Ro,Bo B B,R Ro R,Bo,R,q054,0,1,q092,2,-17151,-77477,-73768,92259,34695,898889096825373261293499/200000000000000000000000,260253433349018359659/48828125000000000000,positive
q030,N,Bo,Ro,Bo B B,R Ro R,B,Ro,q062,0,1,q091,2,-9126,-41208,-39218,49076,18438,1575867177835529643466979/500000000000000000000000,219484058905154090357/61035156250000000000,positive
q030,N,Bo,Ro,Bo B B,R Ro R,B,R,q062,0,1,q092,2,-26277,-118685,-112986,141335,53133,7646179839797925593401453/1000000000000000000000000,2179203402365708159723/244140625000000000000,positive
q031,N,Bo,Ro,Bo B B,R R Ro,Bo,Ro,q055,0,1,q093,2,0,0,0,0,0,0,0,zero
q031,N,Bo,Ro,Bo B B,R R Ro,Bo,R,q055,0,1,q094,2,-10547,-47629,-45332,56747,21291,1838427517572400075593931/1000000000000000000000000,574201363192887771471/244140625000000000000,positive
q031,N,Bo,Ro,Bo B B,R R Ro,B,Ro,q063,0,1,q093,2,3076,13912,13266,-16574,-6234,88784295890155131337/30517578125000000000,1529709657367058498345203/500000000000000000000000,positive
q031,N,Bo,Ro,Bo B B,R R Ro,B,R,q063,0,1,q094,2,-7471,-33717,-32066,40173,15057,4897846832306517072284337/1000000000000000000000000,1284475730314128822167/244140625000000000000,positive
q032,N,Bo,Ro,Bo B B,R R R,Bo,Ro,q056,0,1,q095,2,0,0,0,0,0,0,0,zero
q032,N,Bo,Ro,Bo B B,R R R,Bo,R,q056,0,1,q096,2,-16591,-74947,-71352,89255,33549,3883063321928356828694509/1000000000000000000000000,1145327399365637989069/244140625000000000000,positive
q032,N,Bo,Ro,Bo B B,R R R,B,Ro,q064,0,1,q095,2,-6007,-27127,-25818,32297,12147,3478821699523025232955027/1000000000000000000000000,920732292238424367457/244140625000000000000,positive
q032,N,Bo,Ro,Bo B B,R R R,B,R,q064,0,1,q096,2,-22598,-102074,-97170,121552,45696,57514726730088922356637/7812500000000000000000,1033029845802031178263/122070312500000000000,positive
q033,N,Bo,Ro,B Bo Bo,Ro Ro Ro,Bo,Ro,q257,2,1,q033,0,-2044,-9520,-9780,11696,4452,668615539161960487648633/250000000000000000000000,42440953768814782807/15258789062500000000,positive
q033,N,Bo,Ro,B Bo Bo,Ro Ro Ro,Bo,R,q257,2,1,q034,0,-900,-4212,-4368,5196,1980,104511668341699716973059/50000000000000000000000,26096137146756562119/12207031250000000000,positive
q033,N,Bo,Ro,B Bo Bo,Ro Ro Ro,B,Ro,q265,2,1,q033,0,-1144,-5308,-5412,6500,2472,73028598726730951391669/125000000000000000000000,39283129341476320633/61035156250000000000,positive
q033,N,Bo,Ro,B Bo Bo,Ro Ro Ro,B,R,q265,2,1,q034,0,0,0,0,0,0,0,0,zero
q034,N,Bo,Ro,B Bo Bo,Ro Ro R,Bo,Ro,q258,2,1,q035,0,-108,-516,-576,660,252,273165383344452667055583/250000000000000000000000,67061527424032929303/61035156250000000000,positive
q034,N,Bo,Ro,B Bo Bo,Ro Ro R,Bo,R,q258,2,1,q036,0,136,580,468,-644,-240,31651816763267883853/12207031250000000000,32483326379974467456877/12500000000000000000000,positive
q034,N,Bo,Ro,B Bo Bo,Ro Ro R,B,Ro,q266,2,1,q035,0,0,0,0,0,0,0,0,zero
q034,N,Bo,Ro,B Bo Bo,Ro Ro R,B,R,q266,2,1,q036,0,244,1096,1044,-1304,-492,45598778196153244981/30517578125000000000,376501144255036682081957/250000000000000000000000,positive
q035,N,Bo,Ro,B Bo Bo,Ro R Ro,Bo,Ro,q259,2,1,q037,0,-624,-2856,-2784,3432,1296,37093200711445422714321/62500000000000000000000,9531749234492145711/15258789062500000000,positive
q035,N,Bo,Ro,B Bo Bo,Ro R Ro,Bo,R,q259,2,1,q038,0,0,0,0,0,0,0,0,zero
q035,N,Bo,Ro,B Bo Bo,Ro R Ro,B,Ro,q267,2,1,q037,0,-624,-2856,-2784,3432,1296,37093200711445422714321/62500000000000000000000,9531749234492145711/15258789062500000000,positive
q035,N,Bo,Ro,B Bo Bo,Ro R Ro,B,R,q267,2,1,q038,0,0,0,0,0,0,0,0,zero
q036,N,Bo,Ro,B Bo Bo,Ro R R,Bo,Ro,q260,2,1,q039,0,0,0,0,0,0,0,0,zero
q036,N,Bo,Ro,B Bo Bo,Ro R R,Bo,R,q260,2,1,q040,0,-164,-740,-708,880,336,108475241941484222351861/62500000000000000000000,106421889414091431779/61035156250000000000,positive
q036,N,Bo,Ro,B Bo Bo,Ro R R,B,Ro,q268,2,1,q039,0,2778,12564,12012,-14970,-5652,64723132907190927861/30517578125000000000,564163347504541203539067/250000000000000000000000,positive
q036,N,Bo,Ro,B Bo Bo,Ro R R,B,R,q268,2,1,q040,0,2614,11824,11304,-14090,-5316,235868155228473287501/61035156250000000000,998064315270478092946511/250000000000000000000000,positive
q037,N,Bo,Ro,B Bo Bo,R Ro Ro,Bo,Ro,q261,2,1,q097,2,-956,-4376,-4248,5236,1992,116692644915319201529209/125000000000000000000000,14972304950893168697/15258789062500000000,positive
q037,N,Bo,Ro,B Bo Bo,R Ro Ro,Bo,R,q261,2,1,q098,2,-376,-1720,-1668,2060,780,6421735271527527510599/50000000000000000000000,898209186553593817/6103515625000000000,positive
q037,N,Bo,Ro,B Bo Bo,R Ro Ro,B,Ro,q269,2,1,q097,2,-580,-2656,-2580,3176,1212,201276613473000765505423/250000000000000000000000,25453563969018368309/30517578125000000000,positive
q037,N,Bo,Ro,B Bo Bo,R Ro Ro,B,R,q269,2,1,q098,2,0,0,0,0,0,0,0,zero
q038,N,Bo,Ro,B Bo Bo,R Ro R,Bo,Ro,q262,2,1,q099,2,0,0,0,0,0,0,0,zero
q038,N,Bo,Ro,B Bo Bo,R Ro R,Bo,R,q262,2,1,q100,2,112,508,492,-596,-240,24550293105386452603/12207031250000000000,25208745707394247656877/12500000000000000000000,positive
q038,N,Bo,Ro,B Bo Bo,R Ro R,B,Ro,q270,2,1,q099,2,-8,-40,-56,56,24,98467037437040917193123/125000000000000000000000,6014104656903821517/7629394531250000000,positive
q038,N,Bo,Ro,B Bo Bo,R Ro R,B,R,q270,2,1,q100,2,104,468,436,-540,-216,170864302782162835151/61035156250000000000,350554494510983393761893/125000000000000000000000,positive
q039,N,Bo,Ro,B Bo Bo,R R Ro,Bo,Ro,q263,2,1,q101,2,432,1968,1896,-2352,-888,10528260839591348367/15258789062500000000,88916417071332218854449/125000000000000000000000,positive
q039,N,Bo,Ro,B Bo Bo,R R Ro,Bo,R,q263,2,1,q102,2,0,0,0,0,0,0,0,zero
q039,N,Bo,Ro,B Bo Bo,R R Ro,B,Ro,q271,2,1,q101,2,722,3274,3124,-3910,-1458,372669179508173938601/122070312500000000000,1544112422212683504071111/500000000000000000000000,positive
q039,N,Bo,Ro,B Bo Bo,R R Ro,B,R,q271,2,1,q102,2,290,1306,1228,-1558,-570,57688618558288630333/24414062500000000000,237689350785470925730663/100000000000000000000000,positive
q040,N,Bo,Ro,B Bo Bo,R R R,Bo,Ro,q264,2,1,q103,2,0,0,0,0,0,0,0,zero
q040,N,Bo,Ro,B Bo Bo,R R R,Bo,R,q264,2,1,q104,2,112,508,492,-596,-240,24550293105386452603/12207031250000000000,25208745707394247656877/12500000000000000000000,positive
q040,N,Bo,Ro,B Bo Bo,R R R,B,Ro,q272,2,1,q103,2,-1042,-4718,-4528,5602,2154,1850246913539183768331157/500000000000000000000000,457964985366406964037/122070312500000000000,positive
q040,N,Bo,Ro,B Bo Bo,R R R,B,R,q272,2,1,q104,2,-930,-4210,-4036,5006,1914,2858596741834953674606237/500000000000000000000000,703467916420271490067/122070312500000000000,positive
q041,N,Bo,Ro,B Bo B,Ro Ro Ro,Bo,Ro,q273,2,1,q041,0,0,0,0,0,0,0,0,zero
q041,N,Bo,Ro,B Bo B,Ro Ro Ro,Bo,R,q273,2,1,q042,0,-16,-24,-64,56,24,73368873661040917193123/125000000000000000000000,17929014592214895443/30517578125000000000,positive
q041,N,Bo,Ro,B Bo B,Ro Ro Ro,B,Ro,q281,2,1,q041,0,0,0,0,0,0,0,0,zero
q041,N,Bo,Ro,B Bo B,Ro Ro Ro,B,R,q281,2,1,q042,0,-16,-24,-64,56,24,73368873661040917193123/125000000000000000000000,17929014592214895443/30517578125000000000,positive
q042,N,Bo,Ro,B Bo B,Ro Ro R,Bo,Ro,q274,2,1,q043,0,0,0,0,0,0,0,0,zero
q042,N,Bo,Ro,B Bo B,Ro Ro R,Bo,R,q274,2,1,q044,0,2794,12600,11984,-14982,-5652,219429699168593996347/61035156250000000000,932740350099442302539067/250000000000000000000000,positive
q042,N,Bo,Ro,B Bo B,Ro Ro R,B,Ro,q282,2,1,q043,0,17427,78729,74994,-93777,-35253,387144921391856305557/244140625000000000000,2434963835544402223611627/1000000000000000000000000,positive
q042,N,Bo,Ro,B Bo B,Ro Ro R,B,R,q282,2,1,q044,0,20221,91329,86978,-108759,-40905,252972743613246458189/48828125000000000000,1233185047188434286753579/200000000000000000000000,positive
q043,N,Bo,Ro,B Bo B,Ro R Ro,Bo,Ro,q275,2,1,q045,0,0,0,0,0,0,0,0,zero
q043,N,Bo,Ro,B Bo B,Ro R Ro,Bo,R,q275,2,1,q046,0,-8,-40,-56,56,24,98467037437040917193123/125000000000000000000000,6014104656903821517/7629394531250000000,positive
q043,N,Bo,Ro,B Bo B,Ro R Ro,B,Ro,q283,2,1,q045,0,3756,16968,16172,-20192,-7620,15061482342582619057/6103515625000000000,132539068786827696273379/50000000000000000000000,positive
q043,N,Bo,Ro,B Bo B,Ro R Ro,B,R,q283,2,1,q046,0,3748,16928,16116,-20136,-7596,99363830340528381353/30517578125000000000,859629418808220315753141/250000000000000000000000,positive
q044,N,Bo,Ro,B Bo B,Ro R R,Bo,Ro,q276,2,1,q047,0,0,0,0,0,0,0,0,zero
q044,N,Bo,Ro,B Bo B,Ro R R,Bo,R,q276,2,1,q048,0,-1400,-6320,-6024,7504,2856,407145341146330680981637/125000000000000000000000,25370852307244916773/7629394531250000000,positive
q044,N,Bo,Ro,B Bo B,Ro R R,B,Ro,q284,2,1,q047,0,-13963,-63069,-60028,75131,28203,4390428231517046840549323/1000000000000000000000000,1237892766446680247143/244140625000000000000,positive
q044,N,Bo,Ro,B Bo B,Ro R R,B,R,q284,2,1,q048,0,-15363,-69389,-66052,82635,31059,7647590960687692288402419/1000000000000000000000000,2049760040278517583879/244140625000000000000,positive
q045,N,Bo,Ro,B Bo B,R Ro Ro,Bo,Ro,q277,2,1,q105,2,0,0,0,0,0,0,0,zero
q045,N,Bo,Ro,B Bo B,R Ro Ro,Bo,R,q277,2,1,q106,2,-8,-40,-56,56,24,98467037437040917193123/125000000000000000000000,6014104656903821517/7629394531250000000,positive
q045,N,Bo,Ro,B Bo B,R Ro Ro,B,Ro,q285,2,1,q105,2,624,2814,2664,-3372,-1230,44310196471615799337/24414062500000000000,184515518345867451681957/100000000000000000000000,positive
q045,N,Bo,Ro,B Bo B,R Ro Ro,B,R,q285,2,1,q106,2,616,2774,2608,-3316,-1206,317776656868540140957/122070312500000000000,1316445741477500927182277/500000000000000000000000,positive
q046,N,Bo,Ro,B Bo B,R Ro R,Bo,Ro,q278,2,1,q107,2,0,0,0,0,0,0,0,zero
q046,N,Bo,Ro,B Bo B,R Ro R,Bo,R,q278,2,1,q108,2,1286,5832,5636,-6838,-2760,59741550067153975247/12207031250000000000,123940207989680882908171/25000000000000000000000,positive
q046,N,Bo,Ro,B Bo B,R Ro R,B,Ro,q286,2,1,q107,2,2475,11167,10602,-13333,-4947,739050492921584445743/244140625000000000000,3147318739154516618540173/1000000000000000000000000,positive
q046,N,Bo,Ro,B Bo B,R Ro R,B,R,q286,2,1,q108,2,3761,16999,16238,-20171,-7707,1933881494264663950683/244140625000000000000,8104927058741751934867013/1000000000000000000000000,positive
q047,N,Bo,Ro,B Bo B,R R Ro,Bo,Ro,q279,2,1,q109,2,0,0,0,0,0,0,0,zero
q047,N,Bo,Ro,B Bo B,R R Ro,Bo,R,q279,2,1,q110,2,8,40,48,-48,-24,27847584276937698307/30517578125000000000,114125415777992049806877/125000000000000000000000,positive
q047,N,Bo,Ro,B Bo B,R R Ro,B,Ro,q287,2,1,q109,2,-1566,-7086,-6774,8412,3216,203662744802862329189241/62500000000000000000000,407134664702393160573/122070312500000000000,positive
q047,N,Bo,Ro,B Bo B,R R Ro,B,R,q287,2,1,q110,2,-1558,-7046,-6726,8364,3192,521450905383716708185359/125000000000000000000000,518525001810143953801/122070312500000000000,positive
q048,N,Bo,Ro,B Bo B,R R R,Bo,Ro,q280,2,1,q111,2,0,0,0,0,0,0,0,zero
q048,N,Bo,Ro,B Bo B,R R R,Bo,R,q280,2,1,q112,2,952,4312,4152,-5072,-2016,115308196584208767163/30517578125000000000,119540793289261618444417/31250000000000000000000,positive
q048,N,Bo,Ro,B Bo B,R R R,B,Ro,q288,2,1,q111,2,2967,13389,12714,-15981,-5937,973689433907521949553/244140625000000000000,4132331414313871098809583/1000000000000000000000000,positive
q048,N,Bo,Ro,B Bo B,R R R,B,R,q288,2,1,q112,2,3919,17701,16866,-21053,-7953,1896155006581192086857/244140625000000000000,7957636799570242889030927/1000000000000000000000000,positive
q049,N,Bo,Ro,B B Bo,Ro Ro Ro,Bo,Ro,q289,2,1,q049,0,1012,4672,4668,-5672,-2148,86058454924124162539/30517578125000000000,717910410513236267430983/250000000000000000000000,positive
q049,N,Bo,Ro,B B Bo,Ro Ro Ro,Bo,R,q289,2,1,q050,0,5194,23604,22742,-28236,-10638,144027287656101356609/30517578125000000000,2487801093393179147592921/500000000000000000000000,positive
q049,N,Bo,Ro,B B Bo,Ro Ro Ro,B,Ro,q297,2,1,q049,0,0,0,0,0,0,0,0,zero
q049,N,Bo,Ro,B B Bo,Ro Ro Ro,B,R,q297,2,1,q050,0,4182,18932,18074,-22564,-8490,5796883273197719407/3051757812500000000,210396054473341322546191/100000000000000000000000,positive
q050,N,Bo,Ro,B B Bo,Ro Ro R,Bo,Ro,q290,2,1,q051,0,180,840,848,-1028,-384,22265241774511195831/15258789062500000000,11472702374956335588127/7812500000000000000000,positive
q050,N,Bo,Ro,B B Bo,Ro Ro R,Bo,R,q290,2,1,q052,0,-4770,-21552,-20522,25664,9654,2478665398681560986734907/500000000000000000000000,316758929584578532331/61035156250000000000,positive
q050,N,Bo,Ro,B B Bo,Ro Ro R,B,Ro,q298,2,1,q051,0,0,0,0,0,0,0,0,zero
q050,N,Bo,Ro,B B Bo,Ro Ro R,B,R,q298,2,1,q052,0,-4950,-22392,-21370,26692,10038,1744412446684355509094779/500000000000000000000000,227697962486533749007/61035156250000000000,positive
q051,N,Bo,Ro,B B Bo,Ro R Ro,Bo,Ro,q291,2,1,q053,0,28,132,136,-164,-60,5151798956110585807/12207031250000000000,21175789418519522406877/50000000000000000000000,positive
q051,N,Bo,Ro,B B Bo,Ro R Ro,Bo,R,q291,2,1,q054,0,1370,6180,5870,-7348,-2766,18451134359462839697/7629394531250000000,1242494123940400924970297/500000000000000000000000,positive
q051,N,Bo,Ro,B B Bo,Ro R Ro,B,Ro,q299,2,1,q053,0,0,0,0,0,0,0,0,zero
q051,N,Bo,Ro,B B Bo,Ro R Ro,B,R,q299,2,1,q054,0,1342,6048,5734,-7184,-2706,121850080095149788541/61035156250000000000,1030736229755205700901527/500000000000000000000000,positive
q052,N,Bo,Ro,B B Bo,Ro R R,Bo,Ro,q292,2,1,q055,0,0,0,0,0,0,0,0,zero
q052,N,Bo,Ro,B B Bo,Ro R R,Bo,R,q292,2,1,q056,0,3076,13912,13266,-16574,-6234,88784295890155131337/30517578125000000000,1529709657367058498345203/500000000000000000000000,positive
q052,N,Bo,Ro,B B Bo,Ro R R,B,Ro,q300,2,1,q055,0,-1748,-7902,-7552,9384,3582,1029851868041339635294431/500000000000000000000000,261859675117514579471/122070312500000000000,positive
q052,N,Bo,Ro,B B Bo,Ro R R,B,R,q300,2,1,q056,0,1328,6010,5714,-7190,-2652,616996858678135104819/122070312500000000000,1279780762704199066819817/250000000000000000000000,positive
q053,N,Bo,Ro,B B Bo,R Ro Ro,Bo,Ro,q293,2,1,q113,2,0,0,0,0,0,0,0,zero
q053,N,Bo,Ro,B B Bo,R Ro Ro,Bo,R,q293,2,1,q114,2,1912,8642,8234,-10286,-3876,324117482277946121947/122070312500000000000,687100167480047493121271/250000000000000000000000,positive
q053,N,Bo,Ro,B B Bo,R Ro Ro,B,Ro,q301,2,1,q113,2,-116,-524,-492,640,216,78587071444928693738107/125000000000000000000000,38713386096066071099/61035156250000000000,positive
q053,N,Bo,Ro,B B Bo,R Ro Ro,B,R,q301,2,1,q114,2,1796,8118,7742,-9646,-3660,80308850894015652829/24414062500000000000,168854862073980976119497/50000000000000000000000,positive
q054,N,Bo,Ro,B B Bo,R Ro R,Bo,Ro,q294,2,1,q115,2,0,0,0,0,0,0,0,zero
q054,N,Bo,Ro,B B Bo,R Ro R,Bo,R,q294,2,1,q116,2,-2256,-10190,-9690,12158,4536,596336770554469606750247/125000000000000000000000,595762463278812001783/122070312500000000000,positive
q054,N,Bo,Ro,B B Bo,R Ro R,B,Ro,q302,2,1,q115,2,56,260,264,-304,-132,71656330303030931377/61035156250000000000,294233403647582877875647/250000000000000000000000,positive
q054,N,Bo,Ro,B B Bo,R Ro R,B,R,q302,2,1,q116,2,-2200,-9930,-9426,11854,4404,1486906944756522091376141/250000000000000000000000,739075123884873864537/122070312500000000000,positive
q055,N,Bo,Ro,B B Bo,R R Ro,Bo,Ro,q295,2,1,q117,2,0,0,0,0,0,0,0,zero
q055,N,Bo,Ro,B B Bo,R R Ro,Bo,R,q295,2,1,q118,2,-902,-4070,-3874,4832,1836,584669042678776809547819/250000000000000000000000,290843630026457364933/122070312500000000000,positive
q055,N,Bo,Ro,B B Bo,R R Ro,B,Ro,q303,2,1,q117,2,-170,-758,-696,922,306,1126774550340515344849273/500000000000000000000000,276066186988384105093/122070312500000000000,positive
q055,N,Bo,Ro,B B Bo,R R Ro,B,R,q303,2,1,q118,2,-1072,-4828,-4570,5754,2142,2296112635698068963944911/500000000000000000000000,283454908507420735013/61035156250000000000,positive
q056,N,Bo,Ro,B B Bo,R R R,Bo,Ro,q296,2,1,q119,2,0,0,0,0,0,0,0,zero
q056,N,Bo,Ro,B B Bo,R R R,Bo,R,q296,2,1,q120,2,-2078,-9392,-8946,11188,4206,1715074194989331281379223/500000000000000000000000,215543306699089344959/61035156250000000000,positive
q056,N,Bo,Ro,B B Bo,R R R,B,Ro,q304,2,1,q119,2,308,1406,1380,-1636,-690,69043545706760661061/24414062500000000000,284350367923373190358171/100000000000000000000000,positive
q056,N,Bo,Ro,B B Bo,R R R,B,R,q304,2,1,q120,2,-1770,-7986,-7566,9552,3516,1568413017303098616585039/250000000000000000000000,776304341931981995223/122070312500000000000,positive
q057,N,Bo,Ro,B B B,Ro Ro Ro,Bo,Ro,q305,2,1,q057,0,0,0,0,0,0,0,0,zero
q057,N,Bo,Ro,B B B,Ro Ro Ro,Bo,R,q305,2,1,q058,0,-25455,-114981,-109548,136959,51507,3276192155884561680728787/1000000000000000000000000,1102693443824069798367/244140625000000000000,positive
q057,N,Bo,Ro,B B B,Ro Ro Ro,B,Ro,q313,2,1,q057,0,0,0,0,0,0,0,0,zero
q057,N,Bo,Ro,B B B,Ro Ro Ro,B,R,q313,2,1,q058,0,-25455,-114981,-109548,136959,51507,3276192155884561680728787/1000000000000000000000000,1102693443824069798367/244140625000000000000,positive
q058,N,Bo,Ro,B B B,Ro Ro R,Bo,Ro,q306,2,1,q059,0,0,0,0,0,0,0,0,zero
q058,N,Bo,Ro,B B B,Ro Ro R,Bo,R,q306,2,1,q060,0,19206,86764,82608,-103306,-38856,136885858256337652783/30517578125000000000,677641966918908962583863/125000000000000000000000,positive
q058,N,Bo,Ro,B B B,Ro Ro R,B,Ro,q314,2,1,q059,0,19999,90357,86076,-107623,-40467,361270006069545681873/244140625000000000000,2454446691847903581963853/1000000000000000000000000,positive
q058,N,Bo,Ro,B B B,Ro Ro R,B,R,q314,2,1,q060,0,39205,177121,168684,-210929,-79323,1456356872120246904137/244140625000000000000,7875582427199175282634757/1000000000000000000000000,positive
q059,N,Bo,Ro,B B B,Ro R Ro,Bo,Ro,q307,2,1,q061,0,0,0,0,0,0,0,0,zero
q059,N,Bo,Ro,B B B,Ro R Ro,Bo,R,q307,2,1,q062,0,-6484,-29282,-27880,34888,13098,1682552900280629853587509/500000000000000000000000,449326210893993439569/122070312500000000000,positive
q059,N,Bo,Ro,B B B,Ro R Ro,B,Ro,q315,2,1,q061,0,4590,20740,19764,-24694,-9300,1448839452061380473/610351562500000000,25975516036844535033187/10000000000000000000000,positive
q059,N,Bo,Ro,B B B,Ro R Ro,B,R,q315,2,1,q062,0,-1894,-8542,-8116,10194,3798,2981328702122856605246859/500000000000000000000000,739094101306269534169/122070312500000000000,positive
q060,N,Bo,Ro,B B B,Ro R R,Bo,Ro,q308,2,1,q063,0,0,0,0,0,0,0,0,zero
q060,N,Bo,Ro,B B B,Ro R R,Bo,R,q308,2,1,q064,0,-6007,-27127,-25818,32297,12147,3478821699523025232955027/1000000000000000000000000,920732292238424367457/244140625000000000000,positive
q060,N,Bo,Ro,B B B,Ro R R,B,Ro,q316,2,1,q063,0,-11708,-52892,-50358,62986,23682,1971250068551884649256481/500000000000000000000000,275445171352603570823/61035156250000000000,positive
q060,N,Bo,Ro,B B B,Ro R R,B,R,q316,2,1,q064,0,-17715,-80019,-76176,95283,35829,7421321836626794531467989/1000000000000000000000000,2022512977648838650749/244140625000000000000,positive
q061,N,Bo,Ro,B B B,R Ro Ro,Bo,Ro,q309,2,1,q121,2,0,0,0,0,0,0,0,zero
q061,N,Bo,Ro,B B B,R Ro Ro,Bo,R,q309,2,1,q122,2,-11577,-52293,-49788,62301,23391,4852169952180602528780031/1000000000000000000000000,1322284354845868706571/244140625000000000000,positive
q061,N,Bo,Ro,B B B,R Ro Ro,B,Ro,q317,2,1,q121,2,878,3968,3780,-4726,-1776,130995599331411052561/61035156250000000000,136814195876661889229449/62500000000000000000000,positive
q061,N,Bo,Ro,B B B,R Ro Ro,B,R,q317,2,1,q122,2,-10699,-48325,-46008,57575,21615,1408239417241438551290243/200000000000000000000000,369253350434302583363/48828125000000000000,positive
q062,N,Bo,Ro,B B B,R Ro R,Bo,Ro,q310,2,1,q123,2,0,0,0,0,0,0,0,zero
q062,N,Bo,Ro,B B B,R Ro R,Bo,R,q310,2,1,q124,2,8738,39476,37612,-46970,-17724,1551020723436601719/238418579101562500,1732843464239796121257329/250000000000000000000000,positive
q062,N,Bo,Ro,B B B,R Ro R,B,Ro,q318,2,1,q123,2,-258,-1170,-1116,1398,522,1150762138791526825801701/500000000000000000000000,282489486941253559791/122070312500000000000,positive
q062,N,Bo,Ro,B B B,R Ro R,B,R,q318,2,1,q124,2,8480,38306,36496,-45572,-17202,1076612097340793639919/122070312500000000000,4616449067271119068316359/500000000000000000000000,positive
q063,N,Bo,Ro,B B B,R R Ro,Bo,Ro,q311,2,1,q125,2,0,0,0,0,0,0,0,zero
q063,N,Bo,Ro,B B B,R R Ro,Bo,R,q311,2,1,q126,2,4366,19712,18744,-23514,-8772,239576943556162462417/61035156250000000000,1034394207395485161327087/250000000000000000000000,positive
q063,N,Bo,Ro,B B B,R R Ro,B,Ro,q319,2,1,q125,2,-258,-1170,-1116,1398,522,1150762138791526825801701/500000000000000000000000,282489486941253559791/122070312500000000000,positive
q063,N,Bo,Ro,B B B,R R Ro,B,R,q319,2,1,q126,2,4108,18542,17628,-22116,-8250,6093146992428627877/976562500000000000,25756404428659977187647/4000000000000000000000,positive
q064,N,Bo,Ro,B B B,R R R,Bo,Ro,q312,2,1,q127,2,0,0,0,0,0,0,0,zero
q064,N,Bo,Ro,B B B,R R R,Bo,R,q312,2,1,q128,2,4049,18287,17412,-21769,-8193,989906131149887232667/244140625000000000000,4251867261141826661581087/1000000000000000000000000,positive
q064,N,Bo,Ro,B B B,R R R,B,Ro,q320,2,1,q127,2,-258,-1170,-1116,1398,522,1150762138791526825801701/500000000000000000000000,282489486941253559791/122070312500000000000,positive
q064,N,Bo,Ro,B B B,R R R,B,R,q320,2,1,q128,2,3791,17117,16296,-20371,-7671,1554885105032394352249/244140625000000000000,6553391538724880313184489/1000000000000000000000000,positive
q065,N,Bo,R,Bo Bo Bo,Ro Ro Ro,Bo,Ro,q065,0,1,q001,0,-3192,-13944,-16416,18360,7128,384205810816273278357531/125000000000000000000000,98994788824979509071/30517578125000000000,positive
q065,N,Bo,R,Bo Bo Bo,Ro Ro Ro,Bo,R,q065,0,1,q002,0,-1596,-6972,-8208,9180,3564,384205810816273278357531/250000000000000000000000,98994788824979509071/61035156250000000000,positive
q065,N,Bo,R,Bo Bo Bo,Ro Ro Ro,B,Ro,q073,0,1,q001,0,-1596,-6972,-8208,9180,3564,384205810816273278357531/250000000000000000000000,98994788824979509071/61035156250000000000,positive
q065,N,Bo,R,Bo Bo Bo,Ro Ro Ro,B,R,q073,0,1,q002,0,0,0,0,0,0,0,0,zero
q066,N,Bo,R,Bo Bo Bo,Ro Ro R,Bo,Ro,q066,0,1,q003,0,-180,-684,-960,996,396,203047867276943673373059/250000000000000000000000,50144761124361674619/61035156250000000000,positive
q066,N,Bo,R,Bo Bo Bo,Ro Ro R,Bo,R,q066,0,1,q004,0,-180,-684,-960,996,396,203047867276943673373059/250000000000000000000000,50144761124361674619/61035156250000000000,positive
q066,N,Bo,R,Bo Bo Bo,Ro Ro R,B,Ro,q074,0,1,q003,0,0,0,0,0,0,0,0,zero
q066,N,Bo,R,Bo Bo Bo,Ro Ro R,B,R,q074,0,1,q004,0,0,0,0,0,0,0,0,zero
q067,N,Bo,R,Bo Bo Bo,Ro R Ro,Bo,Ro,q067,0,1,q005,0,-1400,-6464,-6684,7972,3036,607525821180670723860119/250000000000000000000000,19096568208528835963/7629394531250000000,positive
q067,N,Bo,R,Bo Bo Bo,Ro R Ro,Bo,R,q067,0,1,q006,0,0,0,0,0,0,0,0,zero
q067,N,Bo,R,Bo Bo Bo,Ro R Ro,B,Ro,q075,0,1,q005,0,-1400,-6464,-6684,7972,3036,607525821180670723860119/250000000000000000000000,19096568208528835963/7629394531250000000,positive
q067,N,Bo,R,Bo Bo Bo,Ro R Ro,B,R,q075,0,1,q006,0,0,0,0,0,0,0,0,zero
q068,N,Bo,R,Bo Bo Bo,Ro R R,Bo,Ro,q068,0,1,q007,0,0,0,0,0,0,0,0,zero
q068,N,Bo,R,Bo Bo Bo,Ro R R,Bo,R,q068,0,1,q008,0,0,0,0,0,0,0,0,zero
q068,N,Bo,R,Bo Bo Bo,Ro R R,B,Ro,q076,0,1,q007,0,6078,27396,26232,-32706,-12312,22370310602997826683/15258789062500000000,220307397894866639177901/125000000000000000000000,positive
q068,N,Bo,R,Bo Bo Bo,Ro R R,B,R,q076,0,1,q008,0,6078,27396,26232,-32706,-12312,22370310602997826683/15258789062500000000,220307397894866639177901/125000000000000000000000,positive
q069,N,Bo,R,Bo Bo Bo,R Ro Ro,Bo,Ro,q069,0,1,q065,1,2744,12704,13740,-15988,-6132,69008227795345425251/30517578125000000000,602073477246245174314147/250000000000000000000000,positive
q069,N,Bo,R,Bo Bo Bo,R Ro Ro,Bo,R,q069,0,1,q066,1,1556,7172,7644,-8968,-3432,29147634613657637677/61035156250000000000,69985155771192801383411/125000000000000000000000,positive
q069,N,Bo,R,Bo Bo Bo,R Ro Ro,B,Ro,q077,0,1,q065,1,1188,5532,6096,-7020,-2700,4354752839081328513/2441406250000000000,18484126628154382861893/10000000000000000000000,positive
q069,N,Bo,R,Bo Bo Bo,R Ro Ro,B,R,q077,0,1,q066,1,0,0,0,0,0,0,0,zero
q070,N,Bo,R,Bo Bo Bo,R Ro R,Bo,Ro,q070,0,1,q067,1,0,0,0,0,0,0,0,zero
q070,N,Bo,R,Bo Bo Bo,R Ro R,Bo,R,q070,0,1,q068,1,0,0,0,0,0,0,0,zero
q070,N,Bo,R,Bo Bo Bo,R Ro R,B,Ro,q078,0,1,q067,1,72,112,72,-136,-48,15447913935407349739/30517578125000000000,31707627636409632306877/62500000000000000000000,positive
q070,N,Bo,R,Bo Bo Bo,R Ro R,B,R,q078,0,1,q068,1,72,112,72,-136,-48,15447913935407349739/30517578125000000000,31707627636409632306877/62500000000000000000000,positive
q071,N,Bo,R,Bo Bo Bo,R R Ro,Bo,Ro,q071,0,1,q069,1,-1400,-6464,-6684,7972,3036,607525821180670723860119/250000000000000000000000,19096568208528835963/7629394531250000000,positive
q071,N,Bo,R,Bo Bo Bo,R R Ro,Bo,R,q071,0,1,q070,1,0,0,0,0,0,0,0,zero
q071,N,Bo,R,Bo Bo Bo,R R Ro,B,Ro,q079,0,1,q069,1,-2386,-10990,-11116,13422,5094,2103445686921057352961427/500000000000000000000000,528484560858720262357/122070312500000000000,positive
q071,N,Bo,R,Bo Bo Bo,R R Ro,B,R,q079,0,1,q070,1,-986,-4526,-4432,5450,2058,888394044559715905241189/500000000000000000000000,222939469522258886949/122070312500000000000,positive
q072,N,Bo,R,Bo Bo Bo,R R R,Bo,Ro,q072,0,1,q071,1,0,0,0,0,0,0,0,zero
q072,N,Bo,R,Bo Bo Bo,R R R,Bo,R,q072,0,1,q072,1,0,0,0,0,0,0,0,zero
q072,N,Bo,R,Bo Bo Bo,R R R,B,Ro,q080,0,1,q071,1,5532,24894,23796,-29700,-11178,390748075226920195941/122070312500000000000,1735053922046133966211851/500000000000000000000000,positive
q072,N,Bo,R,Bo Bo Bo,R R R,B,R,q080,0,1,q072,1,5532,24894,23796,-29700,-11178,390748075226920195941/122070312500000000000,1735053922046133966211851/500000000000000000000000,positive
q073,N,Bo,R,Bo Bo B,Ro Ro Ro,Bo,Ro,q081,0,1,q009,0,-180,-684,-960,996,396,203047867276943673373059/250000000000000000000000,50144761124361674619/61035156250000000000,positive
q073,N,Bo,R,Bo Bo B,Ro Ro Ro,Bo,R,q081,0,1,q010,0,0,0,0,0,0,0,0,zero
q073,N,Bo,R,Bo Bo B,Ro Ro Ro,B,Ro,q089,0,1,q009,0,-180,-684,-960,996,396,203047867276943673373059/250000000000000000000000,50144761124361674619/61035156250000000000,positive
q073,N,Bo,R,Bo Bo B,Ro Ro Ro,B,R,q089,0,1,q010,0,0,0,0,0,0,0,0,zero
q074,N,Bo,R,Bo Bo B,Ro Ro R,Bo,Ro,q082,0,1,q011,0,0,0,0,0,0,0,0,zero
q074,N,Bo,R,Bo Bo B,Ro Ro R,Bo,R,q082,0,1,q012,0,6078,27396,26232,-32706,-12312,22370310602997826683/15258789062500000000,220307397894866639177901/125000000000000000000000,positive
q074,N,Bo,R,Bo Bo B,Ro Ro R,B,Ro,q090,0,1,q011,0,38295,172959,164850,-206049,-77499,112031108523961677231/244140625000000000000,2325191304796624344053541/1000000000000000000000000,positive
q074,N,Bo,R,Bo Bo B,Ro Ro R,B,R,q090,0,1,q012,0,44373,200355,191082,-238755,-89811,469956078171926904159/244140625000000000000,4087650487955557457476749/1000000000000000000000000,positive
q075,N,Bo,R,Bo Bo B,Ro R Ro,Bo,Ro,q083,0,1,q013,0,-240,-1132,-1208,1416,540,62946175281025397338107/50000000000000000000000,15526277428464915237/12207031250000000000,positive
q075,N,Bo,R,Bo Bo B,Ro R Ro,Bo,R,q083,0,1,q014,0,0,0,0,0,0,0,0,zero
q075,N,Bo,R,Bo Bo B,Ro R Ro,B,Ro,q091,0,1,q013,0,8024,36168,34300,-42996,-16164,90180666636223036327/30517578125000000000,836070279438368100863319/250000000000000000000000,positive
q075,N,Bo,R,Bo Bo B,Ro R Ro,B,R,q091,0,1,q014,0,8264,37300,35508,-44412,-16704,102729946130121496469/61035156250000000000,32583712689577569635799/15625000000000000000000,positive
q076,N,Bo,R,Bo Bo B,Ro R R,Bo,Ro,q084,0,1,q015,0,0,0,0,0,0,0,0,zero
q076,N,Bo,R,Bo Bo B,Ro R R,Bo,R,q084,0,1,q016,0,-4412,-19954,-19112,23816,8970,171932031764148516943777/100000000000000000000000,47246340382055574957/24414062500000000000,positive
q076,N,Bo,R,Bo Bo B,Ro R R,B,Ro,q092,0,1,q015,0,-30689,-138705,-132136,165201,62127,2862011702957540298384207/1000000000000000000000000,1064024255735922979087/244140625000000000000,positive
q076,N,Bo,R,Bo Bo B,Ro R R,B,R,q092,0,1,q016,0,-35101,-158659,-151248,189017,71097,4581332020599025467821977/1000000000000000000000000,1536487659556478728657/244140625000000000000,positive
q077,N,Bo,R,Bo Bo B,R Ro Ro,Bo,Ro,q085,0,1,q073,1,132,612,768,-828,-324,57429326428927698039/61035156250000000000,237165374689301829785679/250000000000000000000000,positive
q077,N,Bo,R,Bo Bo B,R Ro Ro,Bo,R,q085,0,1,q074,1,0,0,0,0,0,0,0,zero
q077,N,Bo,R,Bo Bo B,R Ro Ro,B,Ro,q093,0,1,q073,1,-1914,-8628,-8040,10182,3816,260784704615022311956557/125000000000000000000000,33237497667062164281/15258789062500000000,positive
q077,N,Bo,R,Bo Bo B,R Ro Ro,B,R,q093,0,1,q074,1,-2046,-9240,-8808,11010,4140,56880806908148558825487/50000000000000000000000,15104132847864191817/12207031250000000000,positive
q078,N,Bo,R,Bo Bo B,R Ro R,Bo,Ro,q086,0,1,q075,1,0,0,0,0,0,0,0,zero
q078,N,Bo,R,Bo Bo B,R Ro R,Bo,R,q086,0,1,q076,1,-4104,-18546,-17748,22128,8334,908221430849042728247847/500000000000000000000000,246217542227539864077/122070312500000000000,positive
q078,N,Bo,R,Bo Bo B,R Ro R,B,Ro,q094,0,1,q075,1,-25235,-113925,-108384,135623,50991,2514021722857172279511631/1000000000000000000000000,913604007696879469671/244140625000000000000,positive
q078,N,Bo,R,Bo Bo B,R Ro R,B,R,q094,0,1,q076,1,-29339,-132471,-126132,157751,59325,173218583382210309440293/40000000000000000000000,56241563686078367913/9765625000000000000,positive
q079,N,Bo,R,Bo Bo B,R R Ro,Bo,Ro,q087,0,1,q077,1,-240,-1132,-1208,1416,540,62946175281025397338107/50000000000000000000000,15526277428464915237/12207031250000000000,positive
q079,N,Bo,R,Bo Bo B,R R Ro,Bo,R,q087,0,1,q078,1,0,0,0,0,0,0,0,zero
q079,N,Bo,R,Bo Bo B,R R Ro,B,Ro,q095,0,1,q077,1,8886,40150,38228,-47802,-17982,479620682533997388579/122070312500000000000,2181014511150041598210369/500000000000000000000000,positive
q079,N,Bo,R,Bo Bo B,R R Ro,B,R,q095,0,1,q078,1,9126,41282,39436,-49218,-18522,324357908249348236209/122070312500000000000,1551552758339787624829299/500000000000000000000000,positive
q080,N,Bo,R,Bo Bo B,R R R,Bo,Ro,q088,0,1,q079,1,0,0,0,0,0,0,0,zero
q080,N,Bo,R,Bo Bo B,R R R,Bo,R,q088,0,1,q080,1,-4412,-19954,-19112,23816,8970,171932031764148516943777/100000000000000000000000,47246340382055574957/24414062500000000000,positive
q080,N,Bo,R,Bo Bo B,R R R,B,Ro,q096,0,1,q079,1,-28723,-129773,-123556,154531,58107,3606802598090183829599387/1000000000000000000000000,1222234137308773397967/244140625000000000000,positive
q080,N,Bo,R,Bo Bo B,R R R,B,R,q096,0,1,q080,1,-33135,-149727,-142668,178347,67077,5326122915731668999037157/1000000000000000000000000,1694697541129329147537/244140625000000000000,positive
q081,N,Bo,R,Bo B Bo,Ro Ro Ro,Bo,Ro,q097,0,1,q017,0,-1400,-6464,-6684,7972,3036,607525821180670723860119/250000000000000000000000,19096568208528835963/7629394531250000000,positive
q081,N,Bo,R,Bo B Bo,Ro Ro Ro,Bo,R,q097,0,1,q018,0,-1400,-6464,-6684,7972,3036,607525821180670723860119/250000000000000000000000,19096568208528835963/7629394531250000000,positive
q081,N,Bo,R,Bo B Bo,Ro Ro Ro,B,Ro,q105,0,1,q017,0,0,0,0,0,0,0,0,zero
q081,N,Bo,R,Bo B Bo,Ro Ro Ro,B,R,q105,0,1,q018,0,0,0,0,0,0,0,0,zero
q082,N,Bo,R,Bo B Bo,Ro Ro R,Bo,Ro,q098,0,1,q019,0,-240,-1132,-1208,1416,540,62946175281025397338107/50000000000000000000000,15526277428464915237/12207031250000000000,positive
q082,N,Bo,R,Bo B Bo,Ro Ro R,Bo,R,q098,0,1,q020,0,1032,4564,4192,-5360,-2004,200214954016522836019/61035156250000000000,832159425651529471748459/250000000000000000000000,positive
q082,N,Bo,R,Bo B Bo,Ro Ro R,B,Ro,q106,0,1,q019,0,0,0,0,0,0,0,0,zero
q082,N,Bo,R,Bo B Bo,Ro Ro R,B,R,q106,0,1,q020,0,1272,5696,5400,-6776,-2544,61291783437099129917/30517578125000000000,129357137311600621264481/62500000000000000000000,positive
q083,N,Bo,R,Bo B Bo,Ro R Ro,Bo,Ro,q099,0,1,q021,0,-72,-344,-384,440,168,91055127781484222351861/125000000000000000000000,22353842474677643101/30517578125000000000,positive
q083,N,Bo,R,Bo B Bo,Ro R Ro,Bo,R,q099,0,1,q022,0,-36,-172,-192,220,84,91055127781484222351861/250000000000000000000000,22353842474677643101/61035156250000000000,positive
q083,N,Bo,R,Bo B Bo,Ro R Ro,B,Ro,q107,0,1,q021,0,-36,-172,-192,220,84,91055127781484222351861/250000000000000000000000,22353842474677643101/61035156250000000000,positive
q083,N,Bo,R,Bo B Bo,Ro R Ro,B,R,q107,0,1,q022,0,0,0,0,0,0,0,0,zero
q084,N,Bo,R,Bo B Bo,Ro R R,Bo,Ro,q100,0,1,q023,0,0,0,0,0,0,0,0,zero
q084,N,Bo,R,Bo B Bo,Ro R R,Bo,R,q100,0,1,q024,0,-944,-4260,-4072,5088,1908,538304612783747586706557/250000000000000000000000,134232199387704219187/61035156250000000000,positive
q084,N,Bo,R,Bo B Bo,Ro R R,B,Ro,q108,0,1,q023,0,2586,11676,11132,-13898,-5244,26469575075402465821/15258789062500000000,465184078062921398105249/250000000000000000000000,positive
q084,N,Bo,R,Bo B Bo,Ro R R,B,R,q108,0,1,q024,0,1642,7416,7060,-8810,-3336,240110499689314082471/61035156250000000000,501744345423334492405903/125000000000000000000000,positive
q085,N,Bo,R,Bo B Bo,R Ro Ro,Bo,Ro,q101,0,1,q081,1,888,4080,4056,-4944,-1872,15171536082499452321/30517578125000000000,33885134646217417468203/62500000000000000000000,positive
q085,N,Bo,R,Bo B Bo,R Ro Ro,Bo,R,q101,0,1,q082,1,888,4080,4056,-4944,-1872,15171536082499452321/30517578125000000000,33885134646217417468203/62500000000000000000000,positive
q085,N,Bo,R,Bo B Bo,R Ro Ro,B,Ro,q109,0,1,q081,1,0,0,0,0,0,0,0,zero
q085,N,Bo,R,Bo B Bo,R Ro Ro,B,R,q109,0,1,q082,1,0,0,0,0,0,0,0,zero
q086,N,Bo,R,Bo B Bo,R Ro R,Bo,Ro,q102,0,1,q083,1,0,0,0,0,0,0,0,zero
q086,N,Bo,R,Bo B Bo,R Ro R,Bo,R,q102,0,1,q084,1,-848,-3816,-3632,4552,1704,293897123752278744711733/125000000000000000000000,73008091072045107703/30517578125000000000,positive
q086,N,Bo,R,Bo B Bo,R Ro R,B,Ro,q110,0,1,q083,1,8,32,64,-56,-24,20748475642160104557/30517578125000000000,85055126338959082806877/125000000000000000000000,positive
q086,N,Bo,R,Bo B Bo,R Ro R,B,R,q110,0,1,q084,1,-840,-3784,-3568,4496,1680,37895225009123782751861/12500000000000000000000,4687828335710260613/1525878906250000000,positive
q087,N,Bo,R,Bo B Bo,R R Ro,Bo,Ro,q103,0,1,q085,1,-36,-172,-192,220,84,91055127781484222351861/250000000000000000000000,22353842474677643101/61035156250000000000,positive
q087,N,Bo,R,Bo B Bo,R R Ro,Bo,R,q103,0,1,q086,1,0,0,0,0,0,0,0,zero
q087,N,Bo,R,Bo B Bo,R R Ro,B,Ro,q111,0,1,q085,1,-434,-1962,-1848,2330,870,203813976128375608600567/100000000000000000000000,50272785437481655347/24414062500000000000,positive
q087,N,Bo,R,Bo B Bo,R R Ro,B,R,q111,0,1,q086,1,-398,-1790,-1656,2110,786,836959625078909598299113/500000000000000000000000,206656242238052990533/122070312500000000000,positive
q088,N,Bo,R,Bo B Bo,R R R,Bo,Ro,q104,0,1,q087,1,0,0,0,0,0,0,0,zero
q088,N,Bo,R,Bo B Bo,R R R,Bo,R,q104,0,1,q088,1,-944,-4260,-4072,5088,1908,538304612783747586706557/250000000000000000000000,134232199387704219187/61035156250000000000,positive
q088,N,Bo,R,Bo B Bo,R R R,B,Ro,q112,0,1,q087,1,1438,6490,6204,-7730,-2922,363240892052196763009/122070312500000000000,1522911141018040374949099/500000000000000000000000,positive
q088,N,Bo,R,Bo B Bo,R R R,B,R,q112,0,1,q088,1,494,2230,2132,-2642,-1014,631705290827605201383/122070312500000000000,2599520366585535548362213/500000000000000000000000,positive
q089,N,Bo,R,Bo B B,Ro Ro Ro,Bo,Ro,q113,0,1,q025,0,0,0,0,0,0,0,0,zero
q089,N,Bo,R,Bo B B,Ro Ro Ro,Bo,R,q113,0,1,q026,0,38295,172959,164850,-206049,-77499,112031108523961677231/244140625000000000000,2325191304796624344053541/1000000000000000000000000,positive
q089,N,Bo,R,Bo B B,Ro Ro Ro,B,Ro,q121,0,1,q025,0,0,0,0,0,0,0,0,zero
q089,N,Bo,R,Bo B B,Ro Ro Ro,B,R,q121,0,1,q026,0,38295,172959,164850,-206049,-77499,112031108523961677231/244140625000000000000,2325191304796624344053541/1000000000000000000000000,positive
q090,N,Bo,R,Bo B B,Ro Ro R,Bo,Ro,q114,0,1,q027,0,0,0,0,0,0,0,0,zero
q090,N,Bo,R,Bo B B,Ro Ro R,Bo,R,q114,0,1,q028,0,-37681,-170309,-162244,202837,76287,2846368287810185781924767/1000000000000000000000000,1143438738712230032547/244140625000000000000,positive
q090,N,Bo,R,Bo B B,Ro Ro R,B,Ro,q122,0,1,q027,0,-29637,-133913,-127622,159523,59997,1172231611151148455266877/1000000000000000000000000,638942781968252245807/244140625000000000000,positive
q090,N,Bo,R,Bo B B,Ro Ro R,B,R,q122,0,1,q028,0,-67318,-304222,-289866,362360,136284,1004649974740333559297911/250000000000000000000000,891190760340241139177/122070312500000000000,positive
q091,N,Bo,R,Bo B B,Ro R Ro,Bo,Ro,q115,0,1,q029,0,0,0,0,0,0,0,0,zero
q091,N,Bo,R,Bo B B,Ro R Ro,Bo,R,q115,0,1,q030,0,15653,70685,67294,-84179,-31641,323206901870093856429/244140625000000000000,2086090018178237914131719/1000000000000000000000000,positive
q091,N,Bo,R,Bo B B,Ro R Ro,B,Ro,q123,0,1,q029,0,-6800,-30726,-29284,36600,13770,202507789243117240643457/100000000000000000000000,57534670397026102087/24414062500000000000,positive
q091,N,Bo,R,Bo B B,Ro R Ro,B,R,q123,0,1,q030,0,8853,39959,38010,-47579,-17871,898553605840354877299/244140625000000000000,4111167910609410320566289/1000000000000000000000000,positive
q092,N,Bo,R,Bo B B,Ro R R,Bo,Ro,q116,0,1,q031,0,0,0,0,0,0,0,0,zero
q092,N,Bo,R,Bo B B,Ro R R,Bo,R,q116,0,1,q032,0,24599,111149,105846,-132361,-49773,717384341188312923937/244140625000000000000,4137144400719286240896307/1000000000000000000000000,positive
q092,N,Bo,R,Bo B B,Ro R R,B,Ro,q124,0,1,q031,0,17356,78430,74694,-93398,-35124,379820860037413623553/122070312500000000000,989347183603433272228979/250000000000000000000000,positive
q092,N,Bo,R,Bo B B,Ro R R,B,R,q124,0,1,q032,0,41955,189579,180540,-225759,-84897,1477026061263140171043/244140625000000000000,8094533135133019329812223/1000000000000000000000000,positive
q093,N,Bo,R,Bo B B,R Ro Ro,Bo,Ro,q117,0,1,q089,1,0,0,0,0,0,0,0,zero
q093,N,Bo,R,Bo B B,R Ro Ro,Bo,R,q117,0,1,q090,1,-25833,-116703,-111204,139017,52281,1277175862781426000554521/1000000000000000000000000,619207221114622697661/244140625000000000000,positive
q093,N,Bo,R,Bo B B,R Ro Ro,B,Ro,q125,0,1,q089,1,1922,8696,8304,-10366,-3900,3815923140654444241/2441406250000000000,16569198555030714269401/10000000000000000000000,positive
q093,N,Bo,R,Bo B B,R Ro Ro,B,R,q125,0,1,q090,1,-23911,-108007,-102900,128651,48381,2934095718284497427494621/1000000000000000000000000,1000799535180067121761/244140625000000000000,positive
q094,N,Bo,R,Bo B B,R Ro R,Bo,Ro,q118,0,1,q091,1,0,0,0,0,0,0,0,zero
q094,N,Bo,R,Bo B B,R Ro R,Bo,R,q118,0,1,q092,1,25429,114893,109410,-136815,-51453,842843431248611413357/244140625000000000000,4691403658508768234747427/1000000000000000000000000,positive
q094,N,Bo,R,Bo B B,R Ro R,B,Ro,q126,0,1,q091,1,13548,61168,58202,-72822,-27378,76082118589907261679/30517578125000000000,1576241101024932357779751/500000000000000000000000,positive
q094,N,Bo,R,Bo B B,R Ro R,B,R,q126,0,1,q092,1,38977,176061,167612,-209637,-78831,1451500379967869506789/244140625000000000000,7843885860558632950306929/1000000000000000000000000,positive
q095,N,Bo,R,Bo B B,R R Ro,Bo,Ro,q119,0,1,q093,1,0,0,0,0,0,0,0,zero
q095,N,Bo,R,Bo B B,R R Ro,Bo,R,q119,0,1,q094,1,15653,70685,67294,-84179,-31641,323206901870093856429/244140625000000000000,2086090018178237914131719/1000000000000000000000000,positive
q095,N,Bo,R,Bo B B,R R Ro,B,Ro,q127,0,1,q093,1,-4544,-20570,-19650,24526,9228,623836663480641121011587/250000000000000000000000,331733585303654925709/122070312500000000000,positive
q095,N,Bo,R,Bo B B,R R Ro,B,R,q127,0,1,q094,1,11109,50115,47644,-59653,-22413,986674072477403707847/244140625000000000000,4581436672100802398178067/1000000000000000000000000,positive
q096,N,Bo,R,Bo B B,R R R,Bo,Ro,q120,0,1,q095,1,0,0,0,0,0,0,0,zero
q096,N,Bo,R,Bo B B,R R R,Bo,R,q120,0,1,q096,1,24599,111149,105846,-132361,-49773,717384341188312923937/244140625000000000000,4137144400719286240896307/1000000000000000000000000,positive
q096,N,Bo,R,Bo B B,R R R,B,Ro,q128,0,1,q095,1,8915,40259,38304,-47923,-18021,696599478398138948899/244140625000000000000,3287262569247562262910139/1000000000000000000000000,positive
q096,N,Bo,R,Bo B B,R R R,B,R,q128,0,1,q096,1,33514,151408,144150,-180284,-67794,353495954896612968209/61035156250000000000,3712203484983424251903223/500000000000000000000000,positive
q097,N,Bo,R,B Bo Bo,Ro Ro Ro,Bo,Ro,q321,2,1,q033,0,-2044,-9520,-9780,11696,4452,668615539161960487648633/250000000000000000000000,42440953768814782807/15258789062500000000,positive
q097,N,Bo,R,B Bo Bo,Ro Ro Ro,Bo,R,q321,2,1,q034,0,-900,-4212,-4368,5196,1980,104511668341699716973059/50000000000000000000000,26096137146756562119/12207031250000000000,positive
q097,N,Bo,R,B Bo Bo,Ro Ro Ro,B,Ro,q329,2,1,q033,0,-1144,-5308,-5412,6500,2472,73028598726730951391669/125000000000000000000000,39283129341476320633/61035156250000000000,positive
q097,N,Bo,R,B Bo Bo,Ro Ro Ro,B,R,q329,2,1,q034,0,0,0,0,0,0,0,0,zero
q098,N,Bo,R,B Bo Bo,Ro Ro R,Bo,Ro,q322,2,1,q035,0,-108,-516,-576,660,252,273165383344452667055583/250000000000000000000000,67061527424032929303/61035156250000000000,positive
q098,N,Bo,R,B Bo Bo,Ro Ro R,Bo,R,q322,2,1,q036,0,136,580,468,-644,-240,31651816763267883853/12207031250000000000,32483326379974467456877/12500000000000000000000,positive
q098,N,Bo,R,B Bo Bo,Ro Ro R,B,Ro,q330,2,1,q035,0,0,0,0,0,0,0,0,zero
q098,N,Bo,R,B Bo Bo,Ro Ro R,B,R,q330,2,1,q036,0,244,1096,1044,-1304,-492,45598778196153244981/30517578125000000000,376501144255036682081957/250000000000000000000000,positive
q099,N,Bo,R,B Bo Bo,Ro R Ro,Bo,Ro,q323,2,1,q037,0,-624,-2856,-2784,3432,1296,37093200711445422714321/62500000000000000000000,9531749234492145711/15258789062500000000,positive
q099,N,Bo,R,B Bo Bo,Ro R Ro,Bo,R,q323,2,1,q038,0,0,0,0,0,0,0,0,zero
q099,N,Bo,R,B Bo Bo,Ro R Ro,B,Ro,q331,2,1,q037,0,-624,-2856,-2784,3432,1296,37093200711445422714321/62500000000000000000000,9531749234492145711/15258789062500000000,positive
q099,N,Bo,R,B Bo Bo,Ro R Ro,B,R,q331,2,1,q038,0,0,0,0,0,0,0,0,zero
q100,N,Bo,R,B Bo Bo,Ro R R,Bo,Ro,q324,2,1,q039,0,0,0,0,0,0,0,0,zero
q100,N,Bo,R,B Bo Bo,Ro R R,Bo,R,q324,2,1,q040,0,-164,-740,-708,880,336,108475241941484222351861/62500000000000000000000,106421889414091431779/61035156250000000000,positive
q100,N,Bo,R,B Bo Bo,Ro R R,B,Ro,q332,2,1,q039,0,2778,12564,12012,-14970,-5652,64723132907190927861/30517578125000000000,564163347504541203539067/250000000000000000000000,positive
q100,N,Bo,R,B Bo Bo,Ro R R,B,R,q332,2,1,q040,0,2614,11824,11304,-14090,-5316,235868155228473287501/61035156250000000000,998064315270478092946511/250000000000000000000000,positive
q101,N,Bo,R,B Bo Bo,R Ro Ro,Bo,Ro,q325,2,1,q097,1,1360,6268,6192,-7568,-2868,47766034662608676623/61035156250000000000,212878459511001017843603/250000000000000000000000,positive
q101,N,Bo,R,B Bo Bo,R Ro Ro,Bo,R,q325,2,1,q098,1,536,2468,2436,-2980,-1128,6207043196725343983/61035156250000000000,16102388837142827423219/125000000000000000000000,positive
q101,N,Bo,R,B Bo Bo,R Ro Ro,B,Ro,q333,2,1,q097,1,824,3800,3756,-4588,-1740,259743696661770829/381469726562500000,36134736367343072599433/50000000000000000000000,positive
q101,N,Bo,R,B Bo Bo,R Ro Ro,B,R,q333,2,1,q098,1,0,0,0,0,0,0,0,zero
q102,N,Bo,R,B Bo Bo,R Ro R,Bo,Ro,q326,2,1,q099,1,0,0,0,0,0,0,0,zero
q102,N,Bo,R,B Bo Bo,R Ro R,Bo,R,q326,2,1,q100,1,-164,-740,-708,880,336,108475241941484222351861/62500000000000000000000,106421889414091431779/61035156250000000000,positive
q102,N,Bo,R,B Bo Bo,R Ro R,B,Ro,q334,2,1,q099,1,8,32,64,-56,-24,20748475642160104557/30517578125000000000,85055126338959082806877/125000000000000000000000,positive
q102,N,Bo,R,B Bo Bo,R Ro R,B,R,q334,2,1,q100,1,-156,-708,-644,824,312,302005610221927527510599/125000000000000000000000,147918840698411640893/61035156250000000000,positive
q103,N,Bo,R,B Bo Bo,R R Ro,Bo,Ro,q327,2,1,q101,1,-624,-2856,-2784,3432,1296,37093200711445422714321/62500000000000000000000,9531749234492145711/15258789062500000000,positive
q103,N,Bo,R,B Bo Bo,R R Ro,Bo,R,q327,2,1,q102,1,0,0,0,0,0,0,0,zero
q103,N,Bo,R,B Bo Bo,R R Ro,B,Ro,q335,2,1,q101,1,-1058,-4818,-4632,5762,2166,1315815486333441424717403/500000000000000000000000,327617921063345442423/122070312500000000000,positive
q103,N,Bo,R,B Bo Bo,R R Ro,B,R,q335,2,1,q102,1,-434,-1962,-1848,2330,870,203813976128375608600567/100000000000000000000000,50272785437481655347/24414062500000000000,positive
q104,N,Bo,R,B Bo Bo,R R R,Bo,Ro,q328,2,1,q103,1,0,0,0,0,0,0,0,zero
q104,N,Bo,R,B Bo Bo,R R R,Bo,R,q328,2,1,q104,1,-164,-740,-708,880,336,108475241941484222351861/62500000000000000000000,106421889414091431779/61035156250000000000,positive
q104,N,Bo,R,B Bo Bo,R R R,B,Ro,q336,2,1,q103,1,1534,6934,6644,-8266,-3126,386808857564968755447/122070312500000000000,1621890410459660180382917/500000000000000000000000,positive
q104,N,Bo,R,B Bo Bo,R R R,B,R,q336,2,1,q104,1,1370,6194,5936,-7386,-2790,119930527278630323801/24414062500000000000,497938469198306791839561/100000000000000000000000,positive
q105,N,Bo,R,B Bo B,Ro Ro Ro,Bo,Ro,q337,2,1,q041,0,0,0,0,0,0,0,0,zero
q105,N,Bo,R,B Bo B,Ro Ro Ro,Bo,R,q337,2,1,q042,0,-16,-24,-64,56,24,73368873661040917193123/125000000000000000000000,17929014592214895443/30517578125000000000,positive
q105,N,Bo,R,B Bo B,Ro Ro Ro,B,Ro,q345,2,1,q041,0,0,0,0,0,0,0,0,zero
q105,N,Bo,R,B Bo B,Ro Ro Ro,B,R,q345,2,1,q042,0,-16,-24,-64,56,24,73368873661040917193123/125000000000000000000000,17929014592214895443/30517578125000000000,positive
q106,N,Bo,R,B Bo B,Ro Ro R,Bo,Ro,q338,2,1,q043,0,0,0,0,0,0,0,0,zero
q106,N,Bo,R,B Bo B,Ro Ro R,Bo,R,q338,2,1,q044,0,2794,12600,11984,-14982,-5652,219429699168593996347/61035156250000000000,932740350099442302539067/250000000000000000000000,positive
q106,N,Bo,R,B Bo B,Ro Ro R,B,Ro,q346,2,1,q043,0,17427,78729,74994,-93777,-35253,387144921391856305557/244140625000000000000,2434963835544402223611627/1000000000000000000000000,positive
q106,N,Bo,R,B Bo B,Ro Ro R,B,R,q346,2,1,q044,0,20221,91329,86978,-108759,-40905,252972743613246458189/48828125000000000000,1233185047188434286753579/200000000000000000000000,positive
q107,N,Bo,R,B Bo B,Ro R Ro,Bo,Ro,q339,2,1,q045,0,0,0,0,0,0,0,0,zero
q107,N,Bo,R,B Bo B,Ro R Ro,Bo,R,q339,2,1,q046,0,-8,-40,-56,56,24,98467037437040917193123/125000000000000000000000,6014104656903821517/7629394531250000000,positive
q107,N,Bo,R,B Bo B,Ro R Ro,B,Ro,q347,2,1,q045,0,3756,16968,16172,-20192,-7620,15061482342582619057/6103515625000000000,132539068786827696273379/50000000000000000000000,positive
q107,N,Bo,R,B Bo B,Ro R Ro,B,R,q347,2,1,q046,0,3748,16928,16116,-20136,-7596,99363830340528381353/30517578125000000000,859629418808220315753141/250000000000000000000000,positive
q108,N,Bo,R,B Bo B,Ro R R,Bo,Ro,q340,2,1,q047,0,0,0,0,0,0,0,0,zero
q108,N,Bo,R,B Bo B,Ro R R,Bo,R,q340,2,1,q048,0,-1400,-6320,-6024,7504,2856,407145341146330680981637/125000000000000000000000,25370852307244916773/7629394531250000000,positive
q108,N,Bo,R,B Bo B,Ro R R,B,Ro,q348,2,1,q047,0,-13963,-63069,-60028,75131,28203,4390428231517046840549323/1000000000000000000000000,1237892766446680247143/244140625000000000000,positive
q108,N,Bo,R,B Bo B,Ro R R,B,R,q348,2,1,q048,0,-15363,-69389,-66052,82635,31059,7647590960687692288402419/1000000000000000000000000,2049760040278517583879/244140625000000000000,positive
q109,N,Bo,R,B Bo B,R Ro Ro,Bo,Ro,q341,2,1,q105,1,0,0,0,0,0,0,0,zero
q109,N,Bo,R,B Bo B,R Ro Ro,Bo,R,q341,2,1,q106,1,8,32,64,-56,-24,20748475642160104557/30517578125000000000,85055126338959082806877/125000000000000000000000,positive
q109,N,Bo,R,B Bo B,R Ro Ro,B,Ro,q349,2,1,q105,1,-930,-4200,-3996,5010,1872,97704774601793571406797/62500000000000000000000,98177755609612642233/61035156250000000000,positive
q109,N,Bo,R,B Bo B,R Ro Ro,B,R,q349,2,1,q106,1,-922,-4168,-3932,4954,1848,280464675542546225620471/125000000000000000000000,139674706893932851347/61035156250000000000,positive
q110,N,Bo,R,B Bo B,R Ro R,Bo,Ro,q342,2,1,q107,1,0,0,0,0,0,0,0,zero
q110,N,Bo,R,B Bo B,R Ro R,Bo,R,q342,2,1,q108,1,-1884,-8510,-8124,10100,3858,2109411697758408638178089/500000000000000000000000,526221443506803301099/122070312500000000000,positive
q110,N,Bo,R,B Bo B,R Ro R,B,Ro,q350,2,1,q107,1,-3683,-16623,-15808,19803,7425,103991560345918491159177/40000000000000000000000,27137990171437553857/9765625000000000000,positive
q110,N,Bo,R,B Bo B,R Ro R,B,R,q350,2,1,q108,1,-5567,-25133,-23932,29903,11283,6818612404164779555335603/1000000000000000000000000,1730892641299545448623/244140625000000000000,positive
q111,N,Bo,R,B Bo B,R R Ro,Bo,Ro,q343,2,1,q109,1,0,0,0,0,0,0,0,zero
q111,N,Bo,R,B Bo B,R R Ro,Bo,R,q343,2,1,q110,1,-8,-40,-56,56,24,98467037437040917193123/125000000000000000000000,6014104656903821517/7629394531250000000,positive
q111,N,Bo,R,B Bo B,R R Ro,B,Ro,q351,2,1,q109,1,2310,10452,9978,-12444,-4698,21165557246978934141/7629394531250000000,1443545918649533290784691/500000000000000000000000,positive
q111,N,Bo,R,B Bo B,R R Ro,B,R,q351,2,1,q110,1,2302,10412,9922,-12388,-4674,13589830951941377829/3814697265625000000,1837414068397696959557183/500000000000000000000000,positive
q112,N,Bo,R,B Bo B,R R R,Bo,Ro,q344,2,1,q111,1,0,0,0,0,0,0,0,zero
q112,N,Bo,R,B Bo B,R R R,Bo,R,q344,2,1,q112,1,-1400,-6320,-6024,7504,2856,407145341146330680981637/125000000000000000000000,25370852307244916773/7629394531250000000,positive
q112,N,Bo,R,B Bo B,R R R,B,Ro,q352,2,1,q111,1,-4413,-19923,-18948,23733,8901,3426813073218115499995941/1000000000000000000000000,889045092089218591881/244140625000000000000,positive
q112,N,Bo,R,B Bo B,R R R,B,R,q352,2,1,q112,1,-5813,-26243,-24972,31237,11757,6683975802388760947849037/1000000000000000000000000,1700912365921055928617/244140625000000000000,positive
q113,N,Bo,R,B B Bo,Ro Ro Ro,Bo,Ro,q353,2,1,q049,0,1012,4672,4668,-5672,-2148,86058454924124162539/30517578125000000000,717910410513236267430983/250000000000000000000000,positive
q113,N,Bo,R,B B Bo,Ro Ro Ro,Bo,R,q353,2,1,q050,0,5194,23604,22742,-28236,-10638,144027287656101356609/30517578125000000000,2487801093393179147592921/500000000000000000000000,positive
q113,N,Bo,R,B B Bo,Ro Ro Ro,B,Ro,q361,2,1,q049,0,0,0,0,0,0,0,0,zero
q113,N,Bo,R,B B Bo,Ro Ro Ro,B,R,q361,2,1,q050,0,4182,18932,18074,-22564,-8490,5796883273197719407/3051757812500000000,210396054473341322546191/100000000000000000000000,positive
q114,N,Bo,R,B B Bo,Ro Ro R,Bo,Ro,q354,2,1,q051,0,180,840,848,-1028,-384,22265241774511195831/15258789062500000000,11472702374956335588127/7812500000000000000000,positive
q114,N,Bo,R,B B Bo,Ro Ro R,Bo,R,q354,2,1,q052,0,-4770,-21552,-20522,25664,9654,2478665398681560986734907/500000000000000000000000,316758929584578532331/61035156250000000000,positive
q114,N,Bo,R,B B Bo,Ro Ro R,B,Ro,q362,2,1,q051,0,0,0,0,0,0,0,0,zero
q114,N,Bo,R,B B Bo,Ro Ro R,B,R,q362,2,1,q052,0,-4950,-22392,-21370,26692,10038,1744412446684355509094779/500000000000000000000000,227697962486533749007/61035156250000000000,positive
q115,N,Bo,R,B B Bo,Ro R Ro,Bo,Ro,q355,2,1,q053,0,28,132,136,-164,-60,5151798956110585807/12207031250000000000,21175789418519522406877/50000000000000000000000,positive
q115,N,Bo,R,B B Bo,Ro R Ro,Bo,R,q355,2,1,q054,0,1370,6180,5870,-7348,-2766,18451134359462839697/7629394531250000000,1242494123940400924970297/500000000000000000000000,positive
q115,N,Bo,R,B B Bo,Ro R Ro,B,Ro,q363,2,1,q053,0,0,0,0,0,0,0,0,zero
q115,N,Bo,R,B B Bo,Ro R Ro,B,R,q363,2,1,q054,0,1342,6048,5734,-7184,-2706,121850080095149788541/61035156250000000000,1030736229755205700901527/500000000000000000000000,positive
q116,N,Bo,R,B B Bo,Ro R R,Bo,Ro,q356,2,1,q055,0,0,0,0,0,0,0,0,zero
q116,N,Bo,R,B B Bo,Ro R R,Bo,R,q356,2,1,q056,0,3076,13912,13266,-16574,-6234,88784295890155131337/30517578125000000000,1529709657367058498345203/500000000000000000000000,positive
q116,N,Bo,R,B B Bo,Ro R R,B,Ro,q364,2,1,q055,0,-1748,-7902,-7552,9384,3582,1029851868041339635294431/500000000000000000000000,261859675117514579471/122070312500000000000,positive
q116,N,Bo,R,B B Bo,Ro R R,B,R,q364,2,1,q056,0,1328,6010,5714,-7190,-2652,616996858678135104819/122070312500000000000,1279780762704199066819817/250000000000000000000000,positive
q117,N,Bo,R,B B Bo,R Ro Ro,Bo,Ro,q357,2,1,q113,1,0,0,0,0,0,0,0,zero
q117,N,Bo,R,B B Bo,R Ro Ro,Bo,R,q357,2,1,q114,1,-2830,-12798,-12198,15244,5736,285255177659944036656397/125000000000000000000000,295426944602408871633/122070312500000000000,positive
q117,N,Bo,R,B B Bo,R Ro Ro,B,Ro,q365,2,1,q113,1,172,784,756,-944,-348,16471472103482430139/30517578125000000000,137059260757725490399433/250000000000000000000000,positive
q117,N,Bo,R,B B Bo,R Ro Ro,B,R,q365,2,1,q114,1,-2658,-12014,-11442,14300,5388,707569616077613563712227/250000000000000000000000,361312833016338592189/122070312500000000000,positive
q118,N,Bo,R,B B Bo,R Ro R,Bo,Ro,q358,2,1,q115,1,0,0,0,0,0,0,0,zero
q118,N,Bo,R,B B Bo,R Ro R,Bo,R,q358,2,1,q116,1,3346,15126,14414,-18024,-6768,495836612280496674671/122070312500000000000,264066295920131779269657/62500000000000000000000,positive
q118,N,Bo,R,B B Bo,R Ro R,B,Ro,q366,2,1,q115,1,-76,-352,-360,428,168,126661693622934771851861/125000000000000000000000,7760981159924688119/7629394531250000000,positive
q118,N,Bo,R,B B Bo,R Ro R,B,R,q366,2,1,q116,1,3270,14774,14054,-17596,-6600,24800492433571667383/4882812500000000000,26191771418527933215647/5000000000000000000000,positive
q119,N,Bo,R,B B Bo,R R Ro,Bo,Ro,q359,2,1,q117,1,0,0,0,0,0,0,0,zero
q119,N,Bo,R,B B Bo,R R Ro,Bo,R,q359,2,1,q118,1,1342,6048,5734,-7184,-2706,121850080095149788541/61035156250000000000,1030736229755205700901527/500000000000000000000000,positive
q119,N,Bo,R,B B Bo,R R Ro,B,Ro,q367,2,1,q117,1,262,1174,1092,-1394,-510,47385020646067458719/24414062500000000000,195337771948431880916909/100000000000000000000000,positive
q119,N,Bo,R,B B Bo,R R Ro,B,R,q367,2,1,q118,1,1604,7222,6826,-8578,-3216,480625263420636870677/122070312500000000000,250928136187170638185759/62500000000000000000000,positive
q120,N,Bo,R,B B Bo,R R R,Bo,Ro,q360,2,1,q119,1,0,0,0,0,0,0,0,zero
q120,N,Bo,R,B B Bo,R R R,Bo,R,q360,2,1,q120,1,3076,13912,13266,-16574,-6234,88784295890155131337/30517578125000000000,1529709657367058498345203/500000000000000000000000,positive
q120,N,Bo,R,B B Bo,R R R,B,Ro,q368,2,1,q119,1,-442,-2008,-1944,2390,924,610009656755579193370471/250000000000000000000000,150263544033620167861/61035156250000000000,positive
q120,N,Bo,R,B B Bo,R R R,B,R,q368,2,1,q120,1,2634,11904,11322,-14184,-5310,65566427162786086107/12207031250000000000,549945794175643377017229/100000000000000000000000,positive
q121,N,Bo,R,B B B,Ro Ro Ro,Bo,Ro,q369,2,1,q057,0,0,0,0,0,0,0,0,zero
q121,N,Bo,R,B B B,Ro Ro Ro,Bo,R,q369,2,1,q058,0,-25455,-114981,-109548,136959,51507,3276192155884561680728787/1000000000000000000000000,1102693443824069798367/244140625000000000000,positive
q121,N,Bo,R,B B B,Ro Ro Ro,B,Ro,q377,2,1,q057,0,0,0,0,0,0,0,0,zero
q121,N,Bo,R,B B B,Ro Ro Ro,B,R,q377,2,1,q058,0,-25455,-114981,-109548,136959,51507,3276192155884561680728787/1000000000000000000000000,1102693443824069798367/244140625000000000000,positive
q122,N,Bo,R,B B B,Ro Ro R,Bo,Ro,q370,2,1,q059,0,0,0,0,0,0,0,0,zero
q122,N,Bo,R,B B B,Ro Ro R,Bo,R,q370,2,1,q060,0,19206,86764,82608,-103306,-38856,136885858256337652783/30517578125000000000,677641966918908962583863/125000000000000000000000,positive
q122,N,Bo,R,B B B,Ro Ro R,B,Ro,q378,2,1,q059,0,19999,90357,86076,-107623,-40467,361270006069545681873/244140625000000000000,2454446691847903581963853/1000000000000000000000000,positive
q122,N,Bo,R,B B B,Ro Ro R,B,R,q378,2,1,q060,0,39205,177121,168684,-210929,-79323,1456356872120246904137/244140625000000000000,7875582427199175282634757/1000000000000000000000000,positive
q123,N,Bo,R,B B B,Ro R Ro,Bo,Ro,q371,2,1,q061,0,0,0,0,0,0,0,0,zero
q123,N,Bo,R,B B B,Ro R Ro,Bo,R,q371,2,1,q062,0,-6484,-29282,-27880,34888,13098,1682552900280629853587509/500000000000000000000000,449326210893993439569/122070312500000000000,positive
q123,N,Bo,R,B B B,Ro R Ro,B,Ro,q379,2,1,q061,0,4590,20740,19764,-24694,-9300,1448839452061380473/610351562500000000,25975516036844535033187/10000000000000000000000,positive
q123,N,Bo,R,B B B,Ro R Ro,B,R,q379,2,1,q062,0,-1894,-8542,-8116,10194,3798,2981328702122856605246859/500000000000000000000000,739094101306269534169/122070312500000000000,positive
q124,N,Bo,R,B B B,Ro R R,Bo,Ro,q372,2,1,q063,0,0,0,0,0,0,0,0,zero
q124,N,Bo,R,B B B,Ro R R,Bo,R,q372,2,1,q064,0,-6007,-27127,-25818,32297,12147,3478821699523025232955027/1000000000000000000000000,920732292238424367457/244140625000000000000,positive
q124,N,Bo,R,B B B,Ro R R,B,Ro,q380,2,1,q063,0,-11708,-52892,-50358,62986,23682,1971250068551884649256481/500000000000000000000000,275445171352603570823/61035156250000000000,positive
q124,N,Bo,R,B B B,Ro R R,B,R,q380,2,1,q064,0,-17715,-80019,-76176,95283,35829,7421321836626794531467989/1000000000000000000000000,2022512977648838650749/244140625000000000000,positive
q125,N,Bo,R,B B B,R Ro Ro,Bo,Ro,q373,2,1,q121,1,0,0,0,0,0,0,0,zero
q125,N,Bo,R,B B B,R Ro Ro,Bo,R,q373,2,1,q122,1,17169,77559,73878,-92379,-34731,952123895274363425139/244140625000000000000,4736488113127455875215029/1000000000000000000000000,positive
q125,N,Bo,R,B B B,R Ro Ro,B,Ro,q381,2,1,q121,1,-1300,-5878,-5604,7004,2634,924050507310105490780997/500000000000000000000000,233342067106614318227/122070312500000000000,positive
q125,N,Bo,R,B B B,R Ro Ro,B,R,q381,2,1,q122,1,15869,71681,68274,-85375,-32097,1418808029487592061593/244140625000000000000,6584589127747666856777023/1000000000000000000000000,positive
q126,N,Bo,R,B B B,R Ro R,Bo,Ro,q374,2,1,q123,1,0,0,0,0,0,0,0,zero
q126,N,Bo,R,B B B,R Ro R,Bo,R,q374,2,1,q124,1,-12952,-58506,-55708,69656,26214,2785004634070712131754387/500000000000000000000000,756959064573427721717/122070312500000000000,positive
q126,N,Bo,R,B B B,R Ro R,B,Ro,q382,2,1,q123,1,378,1722,1656,-2058,-774,241743111354723550353/122070312500000000000,999508146551567840087133/500000000000000000000000,positive
q126,N,Bo,R,B B B,R Ro R,B,R,q382,2,1,q124,1,-12574,-56784,-54052,67598,25440,47306409757778499648019/6250000000000000000000,99870217592815127207/12207031250000000000,positive
q127,N,Bo,R,B B B,R R Ro,Bo,Ro,q375,2,1,q125,1,0,0,0,0,0,0,0,zero
q127,N,Bo,R,B B B,R R Ro,Bo,R,q375,2,1,q126,1,-6484,-29282,-27880,34888,13098,1682552900280629853587509/500000000000000000000000,449326210893993439569/122070312500000000000,positive
q127,N,Bo,R,B B B,R R Ro,B,Ro,q383,2,1,q125,1,378,1722,1656,-2058,-774,241743111354723550353/122070312500000000000,999508146551567840087133/500000000000000000000000,positive
q127,N,Bo,R,B B B,R R Ro,B,R,q383,2,1,q126,1,-6106,-27560,-26224,32830,12324,1341030523416098846837321/250000000000000000000000,345534661124358494961/61035156250000000000,positive
q128,N,Bo,R,B B B,R R R,Bo,Ro,q376,2,1,q127,1,0,0,0,0,0,0,0,zero
q128,N,Bo,R,B B B,R R R,Bo,R,q376,2,1,q128,1,-6007,-27127,-25818,32297,12147,3478821699523025232955027/1000000000000000000000000,920732292238424367457/244140625000000000000,positive
q128,N,Bo,R,B B B,R R R,B,Ro,q384,2,1,q127,1,378,1722,1656,-2058,-774,241743111354723550353/122070312500000000000,999508146551567840087133/500000000000000000000000,positive
q128,N,Bo,R,B B B,R R R,B,R,q384,2,1,q128,1,-5629,-25405,-24162,30239,11373,5477837992626160913129293/1000000000000000000000000,1404218514947871468163/244140625000000000000,positive
q129,N,B,Ro,Bo Bo Bo,Ro Ro Ro,Bo,Ro,q001,0,1,q129,0,-3192,-13944,-16416,18360,7128,384205810816273278357531/125000000000000000000000,98994788824979509071/30517578125000000000,positive
q129,N,B,Ro,Bo Bo Bo,Ro Ro Ro,Bo,R,q001,0,1,q130,0,-1596,-6972,-8208,9180,3564,384205810816273278357531/250000000000000000000000,98994788824979509071/61035156250000000000,positive
q129,N,B,Ro,Bo Bo Bo,Ro Ro Ro,B,Ro,q009,0,1,q129,0,-1596,-6972,-8208,9180,3564,384205810816273278357531/250000000000000000000000,98994788824979509071/61035156250000000000,positive
q129,N,B,Ro,Bo Bo Bo,Ro Ro Ro,B,R,q009,0,1,q130,0,0,0,0,0,0,0,0,zero
q130,N,B,Ro,Bo Bo Bo,Ro Ro R,Bo,Ro,q002,0,1,q131,0,-180,-684,-960,996,396,203047867276943673373059/250000000000000000000000,50144761124361674619/61035156250000000000,positive
q130,N,B,Ro,Bo Bo Bo,Ro Ro R,Bo,R,q002,0,1,q132,0,-180,-684,-960,996,396,203047867276943673373059/250000000000000000000000,50144761124361674619/61035156250000000000,positive
q130,N,B,Ro,Bo Bo Bo,Ro Ro R,B,Ro,q010,0,1,q131,0,0,0,0,0,0,0,0,zero
q130,N,B,Ro,Bo Bo Bo,Ro Ro R,B,R,q010,0,1,q132,0,0,0,0,0,0,0,0,zero
q131,N,B,Ro,Bo Bo Bo,Ro R Ro,Bo,Ro,q003,0,1,q133,0,-1400,-6464,-6684,7972,3036,607525821180670723860119/250000000000000000000000,19096568208528835963/7629394531250000000,positive
q131,N,B,Ro,Bo Bo Bo,Ro R Ro,Bo,R,q003,0,1,q134,0,0,0,0,0,0,0,0,zero
q131,N,B,Ro,Bo Bo Bo,Ro R Ro,B,Ro,q011,0,1,q133,0,-1400,-6464,-6684,7972,3036,607525821180670723860119/250000000000000000000000,19096568208528835963/7629394531250000000,positive
q131,N,B,Ro,Bo Bo Bo,Ro R Ro,B,R,q011,0,1,q134,0,0,0,0,0,0,0,0,zero
q132,N,B,Ro,Bo Bo Bo,Ro R R,Bo,Ro,q004,0,1,q135,0,0,0,0,0,0,0,0,zero
q132,N,B,Ro,Bo Bo Bo,Ro R R,Bo,R,q004,0,1,q136,0,0,0,0,0,0,0,0,zero
q132,N,B,Ro,Bo Bo Bo,Ro R R,B,Ro,q012,0,1,q135,0,6078,27396,26232,-32706,-12312,22370310602997826683/15258789062500000000,220307397894866639177901/125000000000000000000000,positive
q132,N,B,Ro,Bo Bo Bo,Ro R R,B,R,q012,0,1,q136,0,6078,27396,26232,-32706,-12312,22370310602997826683/15258789062500000000,220307397894866639177901/125000000000000000000000,positive
q133,N,B,Ro,Bo Bo Bo,R Ro Ro,Bo,Ro,q005,0,1,q193,2,-2044,-9520,-9780,11696,4452,668615539161960487648633/250000000000000000000000,42440953768814782807/15258789062500000000,positive
q133,N,B,Ro,Bo Bo Bo,R Ro Ro,Bo,R,q005,0,1,q194,2,-1144,-5308,-5412,6500,2472,73028598726730951391669/125000000000000000000000,39283129341476320633/61035156250000000000,positive
q133,N,B,Ro,Bo Bo Bo,R Ro Ro,B,Ro,q013,0,1,q193,2,-900,-4212,-4368,5196,1980,104511668341699716973059/50000000000000000000000,26096137146756562119/12207031250000000000,positive
q133,N,B,Ro,Bo Bo Bo,R Ro Ro,B,R,q013,0,1,q194,2,0,0,0,0,0,0,0,zero
q134,N,B,Ro,Bo Bo Bo,R Ro R,Bo,Ro,q006,0,1,q195,2,0,0,0,0,0,0,0,zero
q134,N,B,Ro,Bo Bo Bo,R Ro R,Bo,R,q006,0,1,q196,2,0,0,0,0,0,0,0,zero
q134,N,B,Ro,Bo Bo Bo,R Ro R,B,Ro,q014,0,1,q195,2,-16,-24,-64,56,24,73368873661040917193123/125000000000000000000000,17929014592214895443/30517578125000000000,positive
q134,N,B,Ro,Bo Bo Bo,R Ro R,B,R,q014,0,1,q196,2,-16,-24,-64,56,24,73368873661040917193123/125000000000000000000000,17929014592214895443/30517578125000000000,positive
q135,N,B,Ro,Bo Bo Bo,R R Ro,Bo,Ro,q007,0,1,q197,2,1012,4672,4668,-5672,-2148,86058454924124162539/30517578125000000000,717910410513236267430983/250000000000000000000000,positive
q135,N,B,Ro,Bo Bo Bo,R R Ro,Bo,R,q007,0,1,q198,2,0,0,0,0,0,0,0,zero
q135,N,B,Ro,Bo Bo Bo,R R Ro,B,Ro,q015,0,1,q197,2,1698,7802,7688,-9418,-3558,595962771368482189801/122070312500000000000,2483890239606340518478061/500000000000000000000000,positive
q135,N,B,Ro,Bo Bo Bo,R R Ro,B,R,q015,0,1,q198,2,686,3130,3020,-3746,-1410,50345790334397107929/24414062500000000000,209613883715973596723219/100000000000000000000000,positive
q136,N,B,Ro,Bo Bo Bo,R R R,Bo,Ro,q008,0,1,q199,2,0,0,0,0,0,0,0,zero
q136,N,B,Ro,Bo Bo Bo,R R R,Bo,R,q008,0,1,q200,2,0,0,0,0,0,0,0,zero
q136,N,B,Ro,Bo Bo Bo,R R R,B,Ro,q016,0,1,q199,2,-3726,-16824,-16092,20070,7560,95386478870030528416749/25000000000000000000000,48796065358226341443/12207031250000000000,positive
q136,N,B,Ro,Bo Bo Bo,R R R,B,R,q016,0,1,q200,2,-3726,-16824,-16092,20070,7560,95386478870030528416749/25000000000000000000000,48796065358226341443/12207031250000000000,positive
q137,N,B,Ro,Bo Bo B,Ro Ro Ro,Bo,Ro,q017,0,1,q137,0,-180,-684,-960,996,396,203047867276943673373059/250000000000000000000000,50144761124361674619/61035156250000000000,positive
q137,N,B,Ro,Bo Bo B,Ro Ro Ro,Bo,R,q017,0,1,q138,0,0,0,0,0,0,0,0,zero
q137,N,B,Ro,Bo Bo B,Ro Ro Ro,B,Ro,q025,0,1,q137,0,-180,-684,-960,996,396,203047867276943673373059/250000000000000000000000,50144761124361674619/61035156250000000000,positive
q137,N,B,Ro,Bo Bo B,Ro Ro Ro,B,R,q025,0,1,q138,0,0,0,0,0,0,0,0,zero
q138,N,B,Ro,Bo Bo B,Ro Ro R,Bo,Ro,q018,0,1,q139,0,0,0,0,0,0,0,0,zero
q138,N,B,Ro,Bo Bo B,Ro Ro R,Bo,R,q018,0,1,q140,0,6078,27396,26232,-32706,-12312,22370310602997826683/15258789062500000000,220307397894866639177901/125000000000000000000000,positive
q138,N,B,Ro,Bo Bo B,Ro Ro R,B,Ro,q026,0,1,q139,0,38295,172959,164850,-206049,-77499,112031108523961677231/244140625000000000000,2325191304796624344053541/1000000000000000000000000,positive
q138,N,B,Ro,Bo Bo B,Ro Ro R,B,R,q026,0,1,q140,0,44373,200355,191082,-238755,-89811,469956078171926904159/244140625000000000000,4087650487955557457476749/1000000000000000000000000,positive
q139,N,B,Ro,Bo Bo B,Ro R Ro,Bo,Ro,q019,0,1,q141,0,-240,-1132,-1208,1416,540,62946175281025397338107/50000000000000000000000,15526277428464915237/12207031250000000000,positive
q139,N,B,Ro,Bo Bo B,Ro R Ro,Bo,R,q019,0,1,q142,0,0,0,0,0,0,0,0,zero
q139,N,B,Ro,Bo Bo B,Ro R Ro,B,Ro,q027,0,1,q141,0,8024,36168,34300,-42996,-16164,90180666636223036327/30517578125000000000,836070279438368100863319/250000000000000000000000,positive
q139,N,B,Ro,Bo Bo B,Ro R Ro,B,R,q027,0,1,q142,0,8264,37300,35508,-44412,-16704,102729946130121496469/61035156250000000000,32583712689577569635799/15625000000000000000000,positive
q140,N,B,Ro,Bo Bo B,Ro R R,Bo,Ro,q020,0,1,q143,0,0,0,0,0,0,0,0,zero
q140,N,B,Ro,Bo Bo B,Ro R R,Bo,R,q020,0,1,q144,0,-4412,-19954,-19112,23816,8970,171932031764148516943777/100000000000000000000000,47246340382055574957/24414062500000000000,positive
q140,N,B,Ro,Bo Bo B,Ro R R,B,Ro,q028,0,1,q143,0,-30689,-138705,-132136,165201,62127,2862011702957540298384207/1000000000000000000000000,1064024255735922979087/244140625000000000000,positive
q140,N,B,Ro,Bo Bo B,Ro R R,B,R,q028,0,1,q144,0,-35101,-158659,-151248,189017,71097,4581332020599025467821977/1000000000000000000000000,1536487659556478728657/244140625000000000000,positive
q141,N,B,Ro,Bo Bo B,R Ro Ro,Bo,Ro,q021,0,1,q201,2,-108,-516,-576,660,252,273165383344452667055583/250000000000000000000000,67061527424032929303/61035156250000000000,positive
q141,N,B,Ro,Bo Bo B,R Ro Ro,Bo,R,q021,0,1,q202,2,0,0,0,0,0,0,0,zero
q141,N,B,Ro,Bo Bo B,R Ro Ro,B,Ro,q029,0,1,q201,2,1272,5718,5364,-6768,-2538,296019879354247383861/122070312500000000000,1243084483420746986308971/500000000000000000000000,positive
q141,N,B,Ro,Bo Bo B,R Ro Ro,B,R,q029,0,1,q202,2,1380,6234,5940,-7428,-2790,32379364901236305051/24414062500000000000,139350743346368330439561/100000000000000000000000,positive
q142,N,B,Ro,Bo Bo B,R Ro R,Bo,Ro,q022,0,1,q203,2,0,0,0,0,0,0,0,zero
q142,N,B,Ro,Bo Bo B,R Ro R,Bo,R,q022,0,1,q204,2,2778,12564,12012,-14970,-5652,64723132907190927861/30517578125000000000,564163347504541203539067/250000000000000000000000,positive
q142,N,B,Ro,Bo Bo B,R Ro R,B,Ro,q030,0,1,q203,2,16997,76747,73042,-91387,-34347,736415920781167479343/244140625000000000000,3843817962767858107934773/1000000000000000000000000,positive
q142,N,B,Ro,Bo Bo B,R Ro R,B,R,q030,0,1,q204,2,19775,89311,85054,-106357,-39999,1254200984038694902231/244140625000000000000,6100471352786022922091041/1000000000000000000000000,positive
q143,N,B,Ro,Bo Bo B,R R Ro,Bo,Ro,q023,0,1,q205,2,180,840,848,-1028,-384,22265241774511195831/15258789062500000000,11472702374956335588127/7812500000000000000000,positive
q143,N,B,Ro,Bo Bo B,R R Ro,Bo,R,q023,0,1,q206,2,0,0,0,0,0,0,0,zero
q143,N,B,Ro,Bo Bo B,R R Ro,B,Ro,q031,0,1,q205,2,-5994,-27078,-25784,32234,12138,2362257401338258933687829/500000000000000000000000,612374903356370918689/122070312500000000000,positive
q143,N,B,Ro,Bo Bo B,R R Ro,B,R,q031,0,1,q206,2,-6174,-27918,-26632,33262,12522,1628004449341053456047701/500000000000000000000000,434252969160281352041/122070312500000000000,positive
q144,N,B,Ro,Bo Bo B,R R R,Bo,Ro,q024,0,1,q207,2,0,0,0,0,0,0,0,zero
q144,N,B,Ro,Bo Bo B,R R R,Bo,R,q024,0,1,q208,2,2990,13528,12936,-16122,-6084,122655203216626854149/61035156250000000000,538954348797881372586639/250000000000000000000000,positive
q144,N,B,Ro,Bo Bo B,R R R,B,Ro,q032,0,1,q207,2,19369,87491,83286,-104187,-39159,1048961481958058751271/244140625000000000000,5239934848266402806165481/1000000000000000000000000,positive
q144,N,B,Ro,Bo Bo B,R R R,B,R,q032,0,1,q208,2,22359,101019,96222,-120309,-45243,1539582294824566167867/244140625000000000000,7395752243457928296512037/1000000000000000000000000,positive
q145,N,B,Ro,Bo B Bo,Ro Ro Ro,Bo,Ro,q033,0,1,q145,0,-1400,-6464,-6684,7972,3036,607525821180670723860119/250000000000000000000000,19096568208528835963/7629394531250000000,positive
q145,N,B,Ro,Bo B Bo,Ro Ro Ro,Bo,R,q033,0,1,q146,0,-1400,-6464,-6684,7972,3036,607525821180670723860119/250000000000000000000000,19096568208528835963/7629394531250000000,positive
q145,N,B,Ro,Bo B Bo,Ro Ro Ro,B,Ro,q041,0,1,q145,0,0,0,0,0,0,0,0,zero
q145,N,B,Ro,Bo B Bo,Ro Ro Ro,B,R,q041,0,1,q146,0,0,0,0,0,0,0,0,zero
q146,N,B,Ro,Bo B Bo,Ro Ro R,Bo,Ro,q034,0,1,q147,0,-240,-1132,-1208,1416,540,62946175281025397338107/50000000000000000000000,15526277428464915237/12207031250000000000,positive
q146,N,B,Ro,Bo B Bo,Ro Ro R,Bo,R,q034,0,1,q148,0,1032,4564,4192,-5360,-2004,200214954016522836019/61035156250000000000,832159425651529471748459/250000000000000000000000,positive
q146,N,B,Ro,Bo B Bo,Ro Ro R,B,Ro,q042,0,1,q147,0,0,0,0,0,0,0,0,zero
q146,N,B,Ro,Bo B Bo,Ro Ro R,B,R,q042,0,1,q148,0,1272,5696,5400,-6776,-2544,61291783437099129917/30517578125000000000,129357137311600621264481/62500000000000000000000,positive
q147,N,B,Ro,Bo B Bo,Ro R Ro,Bo,Ro,q035,0,1,q149,0,-72,-344,-384,440,168,91055127781484222351861/125000000000000000000000,22353842474677643101/30517578125000000000,positive
q147,N,B,Ro,Bo B Bo,Ro R Ro,Bo,R,q035,0,1,q150,0,-36,-172,-192,220,84,91055127781484222351861/250000000000000000000000,22353842474677643101/61035156250000000000,positive
q147,N,B,Ro,Bo B Bo,Ro R Ro,B,Ro,q043,0,1,q149,0,-36,-172,-192,220,84,91055127781484222351861/250000000000000000000000,22353842474677643101/61035156250000000000,positive
q147,N,B,Ro,Bo B Bo,Ro R Ro,B,R,q043,0,1,q150,0,0,0,0,0,0,0,0,zero
q148,N,B,Ro,Bo B Bo,Ro R R,Bo,Ro,q036,0,1,q151,0,0,0,0,0,0,0,0,zero
q148,N,B,Ro,Bo B Bo,Ro R R,Bo,R,q036,0,1,q152,0,-944,-4260,-4072,5088,1908,538304612783747586706557/250000000000000000000000,134232199387704219187/61035156250000000000,positive
q148,N,B,Ro,Bo B Bo,Ro R R,B,Ro,q044,0,1,q151,0,2586,11676,11132,-13898,-5244,26469575075402465821/15258789062500000000,465184078062921398105249/250000000000000000000000,positive
q148,N,B,Ro,Bo B Bo,Ro R R,B,R,q044,0,1,q152,0,1642,7416,7060,-8810,-3336,240110499689314082471/61035156250000000000,501744345423334492405903/125000000000000000000000,positive
q149,N,B,Ro,Bo B Bo,R Ro Ro,Bo,Ro,q037,0,1,q209,2,-624,-2856,-2784,3432,1296,37093200711445422714321/62500000000000000000000,9531749234492145711/15258789062500000000,positive
q149,N,B,Ro,Bo B Bo,R Ro Ro,Bo,R,q037,0,1,q210,2,-624,-2856,-2784,3432,1296,37093200711445422714321/62500000000000000000000,9531749234492145711/15258789062500000000,positive
q149,N,B,Ro,Bo B Bo,R Ro Ro,B,Ro,q045,0,1,q209,2,0,0,0,0,0,0,0,zero
q149,N,B,Ro,Bo B Bo,R Ro Ro,B,R,q045,0,1,q210,2,0,0,0,0,0,0,0,zero
q150,N,B,Ro,Bo B Bo,R Ro R,Bo,Ro,q038,0,1,q211,2,0,0,0,0,0,0,0,zero
q150,N,B,Ro,Bo B Bo,R Ro R,Bo,R,q038,0,1,q212,2,568,2560,2432,-3064,-1128,83229211750214539179/30517578125000000000,344349828543296673923219/125000000000000000000000,positive
q150,N,B,Ro,Bo B Bo,R Ro R,B,Ro,q046,0,1,q211,2,-8,-40,-56,56,24,98467037437040917193123/125000000000000000000000,6014104656903821517/7629394531250000000,positive
q150,N,B,Ro,Bo B Bo,R Ro R,B,R,q046,0,1,q212,2,560,2520,2376,-3008,-1104,107285630377829825247/30517578125000000000,221408432990168795558171/62500000000000000000000,positive
q151,N,B,Ro,Bo B Bo,R R Ro,Bo,Ro,q039,0,1,q213,2,28,132,136,-164,-60,5151798956110585807/12207031250000000000,21175789418519522406877/50000000000000000000000,positive
q151,N,B,Ro,Bo B Bo,R R Ro,Bo,R,q039,0,1,q214,2,0,0,0,0,0,0,0,zero
q151,N,B,Ro,Bo B Bo,R R Ro,B,Ro,q047,0,1,q213,2,290,1306,1228,-1558,-570,57688618558288630333/24414062500000000000,237689350785470925730663/100000000000000000000000,positive
q151,N,B,Ro,Bo B Bo,R R Ro,B,R,q047,0,1,q214,2,262,1174,1092,-1394,-510,47385020646067458719/24414062500000000000,195337771948431880916909/100000000000000000000000,positive
q152,N,B,Ro,Bo B Bo,R R R,Bo,Ro,q040,0,1,q215,2,0,0,0,0,0,0,0,zero
q152,N,B,Ro,Bo B Bo,R R R,Bo,R,q040,0,1,q216,2,636,2872,2736,-3436,-1272,76241705738131072771/30517578125000000000,316155172357402819264481/125000000000000000000000,positive
q152,N,B,Ro,Bo B Bo,R R R,B,Ro,q048,0,1,q215,2,-974,-4406,-4224,5230,2010,347493657759121669939241/100000000000000000000000,86002992263614619681/24414062500000000000,positive
q152,N,B,Ro,Bo B Bo,R R R,B,R,q048,0,1,q216,2,-338,-1534,-1488,1794,738,3002088978225219626754129/500000000000000000000000,734981784270597389489/122070312500000000000,positive
q153,N,B,Ro,Bo B B,Ro Ro Ro,Bo,Ro,q049,0,1,q153,0,0,0,0,0,0,0,0,zero
q153,N,B,Ro,Bo B B,Ro Ro Ro,Bo,R,q049,0,1,q154,0,38295,172959,164850,-206049,-77499,112031108523961677231/244140625000000000000,2325191304796624344053541/1000000000000000000000000,positive
q153,N,B,Ro,Bo B B,Ro Ro Ro,B,Ro,q057,0,1,q153,0,0,0,0,0,0,0,0,zero
q153,N,B,Ro,Bo B B,Ro Ro Ro,B,R,q057,0,1,q154,0,38295,172959,164850,-206049,-77499,112031108523961677231/244140625000000000000,2325191304796624344053541/1000000000000000000000000,positive
q154,N,B,Ro,Bo B B,Ro Ro R,Bo,Ro,q050,0,1,q155,0,0,0,0,0,0,0,0,zero
q154,N,B,Ro,Bo B B,Ro Ro R,Bo,R,q050,0,1,q156,0,-37681,-170309,-162244,202837,76287,2846368287810185781924767/1000000000000000000000000,1143438738712230032547/244140625000000000000,positive
q154,N,B,Ro,Bo B B,Ro Ro R,B,Ro,q058,0,1,q155,0,-29637,-133913,-127622,159523,59997,1172231611151148455266877/1000000000000000000000000,638942781968252245807/244140625000000000000,positive
q154,N,B,Ro,Bo B B,Ro Ro R,B,R,q058,0,1,q156,0,-67318,-304222,-289866,362360,136284,1004649974740333559297911/250000000000000000000000,891190760340241139177/122070312500000000000,positive
q155,N,B,Ro,Bo B B,Ro R Ro,Bo,Ro,q051,0,1,q157,0,0,0,0,0,0,0,0,zero
q155,N,B,Ro,Bo B B,Ro R Ro,Bo,R,q051,0,1,q158,0,15653,70685,67294,-84179,-31641,323206901870093856429/244140625000000000000,2086090018178237914131719/1000000000000000000000000,positive
q155,N,B,Ro,Bo B B,Ro R Ro,B,Ro,q059,0,1,q157,0,-6800,-30726,-29284,36600,13770,202507789243117240643457/100000000000000000000000,57534670397026102087/24414062500000000000,positive
q155,N,B,Ro,Bo B B,Ro R Ro,B,R,q059,0,1,q158,0,8853,39959,38010,-47579,-17871,898553605840354877299/244140625000000000000,4111167910609410320566289/1000000000000000000000000,positive
q156,N,B,Ro,Bo B B,Ro R R,Bo,Ro,q052,0,1,q159,0,0,0,0,0,0,0,0,zero
q156,N,B,Ro,Bo B B,Ro R R,Bo,R,q052,0,1,q160,0,24599,111149,105846,-132361,-49773,717384341188312923937/244140625000000000000,4137144400719286240896307/1000000000000000000000000,positive
q156,N,B,Ro,Bo B B,Ro R R,B,Ro,q060,0,1,q159,0,17356,78430,74694,-93398,-35124,379820860037413623553/122070312500000000000,989347183603433272228979/250000000000000000000000,positive
q156,N,B,Ro,Bo B B,Ro R R,B,R,q060,0,1,q160,0,41955,189579,180540,-225759,-84897,1477026061263140171043/244140625000000000000,8094533135133019329812223/1000000000000000000000000,positive
q157,N,B,Ro,Bo B B,R Ro Ro,Bo,Ro,q053,0,1,q217,2,0,0,0,0,0,0,0,zero
q157,N,B,Ro,Bo B B,R Ro Ro,Bo,R,q053,0,1,q218,2,17427,78729,74994,-93777,-35253,387144921391856305557/244140625000000000000,2434963835544402223611627/1000000000000000000000000,positive
q157,N,B,Ro,Bo B B,R Ro Ro,B,Ro,q061,0,1,q217,2,-1300,-5878,-5604,7004,2634,924050507310105490780997/500000000000000000000000,233342067106614318227/122070312500000000000,positive
q157,N,B,Ro,Bo B B,R Ro Ro,B,R,q061,0,1,q218,2,16127,72851,69390,-86773,-32619,853829055605084942011/244140625000000000000,4283064850164613205173621/1000000000000000000000000,positive
q158,N,B,Ro,Bo B B,R Ro R,Bo,Ro,q054,0,1,q219,2,0,0,0,0,0,0,0,zero
q158,N,B,Ro,Bo B B,R Ro R,Bo,R,q054,0,1,q220,2,-17151,-77477,-73768,92259,34695,898889096825373261293499/200000000000000000000000,260253433349018359659/48828125000000000000,positive
q158,N,B,Ro,Bo B B,R Ro R,B,Ro,q062,0,1,q219,2,-9126,-41208,-39218,49076,18438,1575867177835529643466979/500000000000000000000000,219484058905154090357/61035156250000000000,positive
q158,N,B,Ro,Bo B B,R Ro R,B,R,q062,0,1,q220,2,-26277,-118685,-112986,141335,53133,7646179839797925593401453/1000000000000000000000000,2179203402365708159723/244140625000000000000,positive
q159,N,B,Ro,Bo B B,R R Ro,Bo,Ro,q055,0,1,q221,2,0,0,0,0,0,0,0,zero
q159,N,B,Ro,Bo B B,R R Ro,Bo,R,q055,0,1,q222,2,-10547,-47629,-45332,56747,21291,1838427517572400075593931/1000000000000000000000000,574201363192887771471/244140625000000000000,positive
q159,N,B,Ro,Bo B B,R R Ro,B,Ro,q063,0,1,q221,2,3076,13912,13266,-16574,-6234,88784295890155131337/30517578125000000000,1529709657367058498345203/500000000000000000000000,positive
q159,N,B,Ro,Bo B B,R R Ro,B,R,q063,0,1,q222,2,-7471,-33717,-32066,40173,15057,4897846832306517072284337/1000000000000000000000000,1284475730314128822167/244140625000000000000,positive
q160,N,B,Ro,Bo B B,R R R,Bo,Ro,q056,0,1,q223,2,0,0,0,0,0,0,0,zero
q160,N,B,Ro,Bo B B,R R R,Bo,R,q056,0,1,q224,2,-16591,-74947,-71352,89255,33549,3883063321928356828694509/1000000000000000000000000,1145327399365637989069/244140625000000000000,positive
q160,N,B,Ro,Bo B B,R R R,B,Ro,q064,0,1,q223,2,-6007,-27127,-25818,32297,12147,3478821699523025232955027/1000000000000000000000000,920732292238424367457/244140625000000000000,positive
q160,N,B,Ro,Bo B B,R R R,B,R,q064,0,1,q224,2,-22598,-102074,-97170,121552,45696,57514726730088922356637/7812500000000000000000,1033029845802031178263/122070312500000000000,positive
q161,N,B,Ro,B Bo Bo,Ro Ro Ro,Bo,Ro,q257,1,1,q161,0,2744,12704,13740,-15988,-6132,69008227795345425251/30517578125000000000,602073477246245174314147/250000000000000000000000,positive
q161,N,B,Ro,B Bo Bo,Ro Ro Ro,Bo,R,q257,1,1,q162,0,1188,5532,6096,-7020,-2700,4354752839081328513/2441406250000000000,18484126628154382861893/10000000000000000000000,positive
q161,N,B,Ro,B Bo Bo,Ro Ro Ro,B,Ro,q265,1,1,q161,0,1556,7172,7644,-8968,-3432,29147634613657637677/61035156250000000000,69985155771192801383411/125000000000000000000000,positive
q161,N,B,Ro,B Bo Bo,Ro Ro Ro,B,R,q265,1,1,q162,0,0,0,0,0,0,0,0,zero
q162,N,B,Ro,B Bo Bo,Ro Ro R,Bo,Ro,q258,1,1,q163,0,132,612,768,-828,-324,57429326428927698039/61035156250000000000,237165374689301829785679/250000000000000000000000,positive
q162,N,B,Ro,B Bo Bo,Ro Ro R,Bo,R,q258,1,1,q164,0,-236,-1028,-780,1120,408,279649114425387899283091/125000000000000000000000,137150512792303273187/61035156250000000000,positive
q162,N,B,Ro,B Bo Bo,Ro Ro R,B,Ro,q266,1,1,q163,0,0,0,0,0,0,0,0,zero
q162,N,B,Ro,B Bo Bo,Ro Ro R,B,R,q266,1,1,q164,0,-368,-1640,-1548,1948,732,322132854161473968780503/250000000000000000000000,19930296590843893787/15258789062500000000,positive
q163,N,B,Ro,B Bo Bo,Ro R Ro,Bo,Ro,q259,1,1,q165,0,888,4080,4056,-4944,-1872,15171536082499452321/30517578125000000000,33885134646217417468203/62500000000000000000000,positive
q163,N,B,Ro,B Bo Bo,Ro R Ro,Bo,R,q259,1,1,q166,0,0,0,0,0,0,0,0,zero
q163,N,B,Ro,B Bo Bo,Ro R Ro,B,Ro,q267,1,1,q165,0,888,4080,4056,-4944,-1872,15171536082499452321/30517578125000000000,33885134646217417468203/62500000000000000000000,positive
q163,N,B,Ro,B Bo Bo,Ro R Ro,B,R,q267,1,1,q166,0,0,0,0,0,0,0,0,zero
q164,N,B,Ro,B Bo Bo,Ro R R,Bo,Ro,q260,1,1,q167,0,0,0,0,0,0,0,0,zero
q164,N,B,Ro,B Bo Bo,Ro R R,Bo,R,q260,1,1,q168,0,244,1096,1044,-1304,-492,45598778196153244981/30517578125000000000,376501144255036682081957/250000000000000000000000,positive
q164,N,B,Ro,B Bo Bo,Ro R R,B,Ro,q268,1,1,q167,0,-4104,-18546,-17748,22128,8334,908221430849042728247847/500000000000000000000000,246217542227539864077/122070312500000000000,positive
q164,N,B,Ro,B Bo Bo,Ro R R,B,R,q268,1,1,q168,0,-3860,-17450,-16704,20824,7842,1661223719359116092411761/500000000000000000000000,428612655012152844001/122070312500000000000,positive
q165,N,B,Ro,B Bo Bo,R Ro Ro,Bo,Ro,q261,1,1,q225,2,1360,6268,6192,-7568,-2868,47766034662608676623/61035156250000000000,212878459511001017843603/250000000000000000000000,positive
q165,N,B,Ro,B Bo Bo,R Ro Ro,Bo,R,q261,1,1,q226,2,536,2468,2436,-2980,-1128,6207043196725343983/61035156250000000000,16102388837142827423219/125000000000000000000000,positive
q165,N,B,Ro,B Bo Bo,R Ro Ro,B,Ro,q269,1,1,q225,2,824,3800,3756,-4588,-1740,259743696661770829/381469726562500000,36134736367343072599433/50000000000000000000000,positive
q165,N,B,Ro,B Bo Bo,R Ro Ro,B,R,q269,1,1,q226,2,0,0,0,0,0,0,0,zero
q166,N,B,Ro,B Bo Bo,R Ro R,Bo,Ro,q262,1,1,q227,2,0,0,0,0,0,0,0,zero
q166,N,B,Ro,B Bo Bo,R Ro R,Bo,R,q262,1,1,q228,2,-164,-740,-708,880,336,108475241941484222351861/62500000000000000000000,106421889414091431779/61035156250000000000,positive
q166,N,B,Ro,B Bo Bo,R Ro R,B,Ro,q270,1,1,q227,2,8,32,64,-56,-24,20748475642160104557/30517578125000000000,85055126338959082806877/125000000000000000000000,positive
q166,N,B,Ro,B Bo Bo,R Ro R,B,R,q270,1,1,q228,2,-156,-708,-644,824,312,302005610221927527510599/125000000000000000000000,147918840698411640893/61035156250000000000,positive
q167,N,B,Ro,B Bo Bo,R R Ro,Bo,Ro,q263,1,1,q229,2,-624,-2856,-2784,3432,1296,37093200711445422714321/62500000000000000000000,9531749234492145711/15258789062500000000,positive
q167,N,B,Ro,B Bo Bo,R R Ro,Bo,R,q263,1,1,q230,2,0,0,0,0,0,0,0,zero
q167,N,B,Ro,B Bo Bo,R R Ro,B,Ro,q271,1,1,q229,2,-1058,-4818,-4632,5762,2166,1315815486333441424717403/500000000000000000000000,327617921063345442423/122070312500000000000,positive
q167,N,B,Ro,B Bo Bo,R R Ro,B,R,q271,1,1,q230,2,-434,-1962,-1848,2330,870,203813976128375608600567/100000000000000000000000,50272785437481655347/24414062500000000000,positive
q168,N,B,Ro,B Bo Bo,R R R,Bo,Ro,q264,1,1,q231,2,0,0,0,0,0,0,0,zero
q168,N,B,Ro,B Bo Bo,R R R,Bo,R,q264,1,1,q232,2,-164,-740,-708,880,336,108475241941484222351861/62500000000000000000000,106421889414091431779/61035156250000000000,positive
q168,N,B,Ro,B Bo Bo,R R R,B,Ro,q272,1,1,q231,2,1534,6934,6644,-8266,-3126,386808857564968755447/122070312500000000000,1621890410459660180382917/500000000000000000000000,positive
q168,N,B,Ro,B Bo Bo,R R R,B,R,q272,1,1,q232,2,1370,6194,5936,-7386,-2790,119930527278630323801/24414062500000000000,497938469198306791839561/100000000000000000000000,positive
q169,N,B,Ro,B Bo B,Ro Ro Ro,Bo,Ro,q273,1,1,q169,0,0,0,0,0,0,0,0,zero
q169,N,B,Ro,B Bo B,Ro Ro Ro,Bo,R,q273,1,1,q170,0,72,112,72,-136,-48,15447913935407349739/30517578125000000000,31707627636409632306877/62500000000000000000000,positive
q169,N,B,Ro,B Bo B,Ro Ro Ro,B,Ro,q281,1,1,q169,0,0,0,0,0,0,0,0,zero
q169,N,B,Ro,B Bo B,Ro Ro Ro,B,R,q281,1,1,q170,0,72,112,72,-136,-48,15447913935407349739/30517578125000000000,31707627636409632306877/62500000000000000000000,positive
q170,N,B,Ro,B Bo B,Ro Ro R,Bo,Ro,q274,1,1,q171,0,0,0,0,0,0,0,0,zero
q170,N,B,Ro,B Bo B,Ro Ro R,Bo,R,q274,1,1,q172,0,-4164,-18750,-17776,22288,8382,1544335416722161273792831/500000000000000000000000,401666693700409558871/122070312500000000000,positive
q170,N,B,Ro,B Bo B,Ro Ro R,B,Ro,q282,1,1,q171,0,-25833,-116703,-111204,139017,52281,1277175862781426000554521/1000000000000000000000000,619207221114622697661/244140625000000000000,positive
q170,N,B,Ro,B Bo B,Ro Ro R,B,R,q282,1,1,q172,0,-29997,-135453,-128980,161305,60663,4365846696225748548140183/1000000000000000000000000,1422540608515441815403/244140625000000000000,positive
q171,N,B,Ro,B Bo B,Ro R Ro,Bo,Ro,q275,1,1,q173,0,0,0,0,0,0,0,0,zero
q171,N,B,Ro,B Bo B,Ro R Ro,Bo,R,q275,1,1,q174,0,8,32,64,-56,-24,20748475642160104557/30517578125000000000,85055126338959082806877/125000000000000000000000,positive
q171,N,B,Ro,B Bo B,Ro R Ro,B,Ro,q283,1,1,q173,0,-5568,-25144,-23948,29940,11268,527634821939487148342497/250000000000000000000000,72685757304867762051/30517578125000000000,positive
q171,N,B,Ro,B Bo B,Ro R Ro,B,R,q283,1,1,q174,0,-5560,-25112,-23884,29884,11244,697745074617405313956251/250000000000000000000000,5839639559189241663/1907348632812500000,positive
q172,N,B,Ro,B Bo B,Ro R R,Bo,Ro,q276,1,1,q175,0,0,0,0,0,0,0,0,zero
q172,N,B,Ro,B Bo B,Ro R R,Bo,R,q276,1,1,q176,0,2080,9376,8904,-11144,-4200,847449406496891881/305175781250000000,14389538044492041408139/5000000000000000000000,positive
q172,N,B,Ro,B Bo B,Ro R R,B,Ro,q284,1,1,q175,0,20709,93565,89094,-111427,-41889,840264761111192648141/244140625000000000000,4450765956248486870423551/1000000000000000000000000,positive
q172,N,B,Ro,B Bo B,Ro R R,B,R,q284,1,1,q176,0,22789,102941,97998,-122571,-46089,1518224286308706152941/244140625000000000000,7328673565146895152051351/1000000000000000000000000,positive
q173,N,B,Ro,B Bo B,R Ro Ro,Bo,Ro,q277,1,1,q233,2,0,0,0,0,0,0,0,zero
q173,N,B,Ro,B Bo B,R Ro Ro,Bo,R,q277,1,1,q234,2,8,32,64,-56,-24,20748475642160104557/30517578125000000000,85055126338959082806877/125000000000000000000000,positive
q173,N,B,Ro,B Bo B,R Ro Ro,B,Ro,q285,1,1,q233,2,-930,-4200,-3996,5010,1872,97704774601793571406797/62500000000000000000000,98177755609612642233/61035156250000000000,positive
q173,N,B,Ro,B Bo B,R Ro Ro,B,R,q285,1,1,q234,2,-922,-4168,-3932,4954,1848,280464675542546225620471/125000000000000000000000,139674706893932851347/61035156250000000000,positive
q174,N,B,Ro,B Bo B,R Ro R,Bo,Ro,q278,1,1,q235,2,0,0,0,0,0,0,0,zero
q174,N,B,Ro,B Bo B,R Ro R,Bo,R,q278,1,1,q236,2,-1884,-8510,-8124,10100,3858,2109411697758408638178089/500000000000000000000000,526221443506803301099/122070312500000000000,positive
q174,N,B,Ro,B Bo B,R Ro R,B,Ro,q286,1,1,q235,2,-3683,-16623,-15808,19803,7425,103991560345918491159177/40000000000000000000000,27137990171437553857/9765625000000000000,positive
q174,N,B,Ro,B Bo B,R Ro R,B,R,q286,1,1,q236,2,-5567,-25133,-23932,29903,11283,6818612404164779555335603/1000000000000000000000000,1730892641299545448623/244140625000000000000,positive
q175,N,B,Ro,B Bo B,R R Ro,Bo,Ro,q279,1,1,q237,2,0,0,0,0,0,0,0,zero
q175,N,B,Ro,B Bo B,R R Ro,Bo,R,q279,1,1,q238,2,-8,-40,-56,56,24,98467037437040917193123/125000000000000000000000,6014104656903821517/7629394531250000000,positive
q175,N,B,Ro,B Bo B,R R Ro,B,Ro,q287,1,1,q237,2,2310,10452,9978,-12444,-4698,21165557246978934141/7629394531250000000,1443545918649533290784691/500000000000000000000000,positive
q175,N,B,Ro,B Bo B,R R Ro,B,R,q287,1,1,q238,2,2302,10412,9922,-12388,-4674,13589830951941377829/3814697265625000000,1837414068397696959557183/500000000000000000000000,positive
q176,N,B,Ro,B Bo B,R R R,Bo,Ro,q280,1,1,q239,2,0,0,0,0,0,0,0,zero
q176,N,B,Ro,B Bo B,R R R,Bo,R,q280,1,1,q240,2,-1400,-6320,-6024,7504,2856,407145341146330680981637/125000000000000000000000,25370852307244916773/7629394531250000000,positive
q176,N,B,Ro,B Bo B,R R R,B,Ro,q288,1,1,q239,2,-4413,-19923,-18948,23733,8901,3426813073218115499995941/1000000000000000000000000,889045092089218591881/244140625000000000000,positive
q176,N,B,Ro,B Bo B,R R R,B,R,q288,1,1,q240,2,-5813,-26243,-24972,31237,11757,6683975802388760947849037/1000000000000000000000000,1700912365921055928617/244140625000000000000,positive
q177,N,B,Ro,B B Bo,Ro Ro Ro,Bo,Ro,q289,1,1,q177,0,-1400,-6464,-6684,7972,3036,607525821180670723860119/250000000000000000000000,19096568208528835963/7629394531250000000,positive
q177,N,B,Ro,B B Bo,Ro Ro Ro,Bo,R,q289,1,1,q178,0,-7560,-34392,-33430,41302,15582,2024077193892756374540431/500000000000000000000000,134984284338671948399/30517578125000000000,positive
q177,N,B,Ro,B B Bo,Ro Ro Ro,B,Ro,q297,1,1,q177,0,0,0,0,0,0,0,0,zero
q177,N,B,Ro,B B Bo,Ro Ro Ro,B,R,q297,1,1,q178,0,-6160,-27928,-26746,33330,12546,809025551531414926820193/500000000000000000000000,58598011504556604547/30517578125000000000,positive
q178,N,B,Ro,B B Bo,Ro Ro R,Bo,Ro,q290,1,1,q179,0,-240,-1132,-1208,1416,540,62946175281025397338107/50000000000000000000000,15526277428464915237/12207031250000000000,positive
q178,N,B,Ro,B B Bo,Ro Ro R,Bo,R,q290,1,1,q180,0,7068,31948,30434,-38046,-14310,50787534752618338407/12207031250000000000,450512259320933063680329/100000000000000000000000,positive
q178,N,B,Ro,B B Bo,Ro Ro R,B,Ro,q298,1,1,q179,0,0,0,0,0,0,0,0,zero
q178,N,B,Ro,B B Bo,Ro Ro R,B,R,q298,1,1,q180,0,7308,33080,31642,-39462,-14850,3526125732415342317/1220703125000000000,64923981751776453800823/20000000000000000000000,positive
q179,N,B,Ro,B B Bo,Ro R Ro,Bo,Ro,q291,1,1,q181,0,-36,-172,-192,220,84,91055127781484222351861/250000000000000000000000,22353842474677643101/61035156250000000000,positive
q179,N,B,Ro,B B Bo,Ro R Ro,Bo,R,q291,1,1,q182,0,-2040,-9200,-8718,10934,4110,208039733736636420257851/100000000000000000000000,6650911674602106727/3051757812500000000,positive
q179,N,B,Ro,B B Bo,Ro R Ro,B,Ro,q299,1,1,q181,0,0,0,0,0,0,0,0,zero
q179,N,B,Ro,B B Bo,Ro R Ro,B,R,q299,1,1,q182,0,-2004,-9028,-8526,10714,4026,858088413120213656585533/500000000000000000000000,110664391017364491439/61035156250000000000,positive
q180,N,B,Ro,B B Bo,Ro R R,Bo,Ro,q292,1,1,q183,0,0,0,0,0,0,0,0,zero
q180,N,B,Ro,B B Bo,Ro R R,Bo,R,q292,1,1,q184,0,-4544,-20570,-19650,24526,9228,623836663480641121011587/250000000000000000000000,331733585303654925709/122070312500000000000,positive
q180,N,B,Ro,B B Bo,Ro R R,B,Ro,q300,1,1,q183,0,2586,11676,11132,-13898,-5244,26469575075402465821/15258789062500000000,465184078062921398105249/250000000000000000000000,positive
q180,N,B,Ro,B B Bo,Ro R R,B,R,q300,1,1,q184,0,-1958,-8894,-8518,10628,3984,272255185385890629779209/62500000000000000000000,543490185906874652277/122070312500000000000,positive
q181,N,B,Ro,B B Bo,R Ro Ro,Bo,Ro,q293,1,1,q241,2,0,0,0,0,0,0,0,zero
q181,N,B,Ro,B B Bo,R Ro Ro,Bo,R,q293,1,1,q242,2,-2830,-12798,-12198,15244,5736,285255177659944036656397/125000000000000000000000,295426944602408871633/122070312500000000000,positive
q181,N,B,Ro,B B Bo,R Ro Ro,B,Ro,q301,1,1,q241,2,172,784,756,-944,-348,16471472103482430139/30517578125000000000,137059260757725490399433/250000000000000000000000,positive
q181,N,B,Ro,B B Bo,R Ro Ro,B,R,q301,1,1,q242,2,-2658,-12014,-11442,14300,5388,707569616077613563712227/250000000000000000000000,361312833016338592189/122070312500000000000,positive
q182,N,B,Ro,B B Bo,R Ro R,Bo,Ro,q294,1,1,q243,2,0,0,0,0,0,0,0,zero
q182,N,B,Ro,B B Bo,R Ro R,Bo,R,q294,1,1,q244,2,3346,15126,14414,-18024,-6768,495836612280496674671/122070312500000000000,264066295920131779269657/62500000000000000000000,positive
q182,N,B,Ro,B B Bo,R Ro R,B,Ro,q302,1,1,q243,2,-76,-352,-360,428,168,126661693622934771851861/125000000000000000000000,7760981159924688119/7629394531250000000,positive
q182,N,B,Ro,B B Bo,R Ro R,B,R,q302,1,1,q244,2,3270,14774,14054,-17596,-6600,24800492433571667383/4882812500000000000,26191771418527933215647/5000000000000000000000,positive
q183,N,B,Ro,B B Bo,R R Ro,Bo,Ro,q295,1,1,q245,2,0,0,0,0,0,0,0,zero
q183,N,B,Ro,B B Bo,R R Ro,Bo,R,q295,1,1,q246,2,1342,6048,5734,-7184,-2706,121850080095149788541/61035156250000000000,1030736229755205700901527/500000000000000000000000,positive
q183,N,B,Ro,B B Bo,R R Ro,B,Ro,q303,1,1,q245,2,262,1174,1092,-1394,-510,47385020646067458719/24414062500000000000,195337771948431880916909/100000000000000000000000,positive
q183,N,B,Ro,B B Bo,R R Ro,B,R,q303,1,1,q246,2,1604,7222,6826,-8578,-3216,480625263420636870677/122070312500000000000,250928136187170638185759/62500000000000000000000,positive
q184,N,B,Ro,B B Bo,R R R,Bo,Ro,q296,1,1,q247,2,0,0,0,0,0,0,0,zero
q184,N,B,Ro,B B Bo,R R R,Bo,R,q296,1,1,q248,2,3076,13912,13266,-16574,-6234,88784295890155131337/30517578125000000000,1529709657367058498345203/500000000000000000000000,positive
q184,N,B,Ro,B B Bo,R R R,B,Ro,q304,1,1,q247,2,-442,-2008,-1944,2390,924,610009656755579193370471/250000000000000000000000,150263544033620167861/61035156250000000000,positive
q184,N,B,Ro,B B Bo,R R R,B,R,q304,1,1,q248,2,2634,11904,11322,-14184,-5310,65566427162786086107/12207031250000000000,549945794175643377017229/100000000000000000000000,positive
q185,N,B,Ro,B B B,Ro Ro Ro,Bo,Ro,q305,1,1,q185,0,0,0,0,0,0,0,0,zero
q185,N,B,Ro,B B B,Ro Ro Ro,Bo,R,q305,1,1,q186,0,37749,170457,162414,-203043,-76365,107120457865967368437/48828125000000000000,806567993145991832610807/200000000000000000000000,positive
q185,N,B,Ro,B B B,Ro Ro Ro,B,Ro,q313,1,1,q185,0,0,0,0,0,0,0,0,zero
q185,N,B,Ro,B B B,Ro Ro Ro,B,R,q313,1,1,q186,0,37749,170457,162414,-203043,-76365,107120457865967368437/48828125000000000000,806567993145991832610807/200000000000000000000000,positive
q186,N,B,Ro,B B B,Ro Ro R,Bo,Ro,q306,1,1,q187,0,0,0,0,0,0,0,0,zero
q186,N,B,Ro,B B B,Ro Ro R,Bo,R,q306,1,1,q188,0,-28472,-128658,-122512,153204,57618,1885457424624191232560169/500000000000000000000000,629695620699283064129/122070312500000000000,positive
q186,N,B,Ro,B B B,Ro Ro R,B,Ro,q314,1,1,q187,0,-29637,-133913,-127622,159523,59997,1172231611151148455266877/1000000000000000000000000,638942781968252245807/244140625000000000000,positive
q186,N,B,Ro,B B B,Ro Ro R,B,R,q314,1,1,q188,0,-58109,-262571,-250134,312727,117615,988629292079906184077443/200000000000000000000000,379666804673363674813/48828125000000000000,positive
q187,N,B,Ro,B B B,Ro R Ro,Bo,Ro,q307,1,1,q189,0,0,0,0,0,0,0,0,zero
q187,N,B,Ro,B B B,Ro R Ro,Bo,R,q307,1,1,q190,0,9622,43444,41372,-51742,-19452,41857637420204477193/15258789062500000000,802934793196805150447617/250000000000000000000000,positive
q187,N,B,Ro,B B B,Ro R Ro,B,Ro,q315,1,1,q189,0,-6800,-30726,-29284,36600,13770,202507789243117240643457/100000000000000000000000,57534670397026102087/24414062500000000000,positive
q187,N,B,Ro,B B B,Ro R Ro,B,R,q315,1,1,q190,0,2822,12718,12088,-15142,-5682,622534451346766327979/122070312500000000000,2618408532609196504112519/500000000000000000000000,positive
q188,N,B,Ro,B B B,Ro R R,Bo,Ro,q308,1,1,q191,0,0,0,0,0,0,0,0,zero
q188,N,B,Ro,B B B,Ro R R,Bo,R,q308,1,1,q192,0,8915,40259,38304,-47923,-18021,696599478398138948899/244140625000000000000,3287262569247562262910139/1000000000000000000000000,positive
q188,N,B,Ro,B B B,Ro R R,B,Ro,q316,1,1,q191,0,17356,78430,74694,-93398,-35124,379820860037413623553/122070312500000000000,989347183603433272228979/250000000000000000000000,positive
q188,N,B,Ro,B B B,Ro R R,B,R,q316,1,1,q192,0,26271,118689,112998,-141321,-53145,291248239694593239201/48828125000000000000,1448930260732259070365211/200000000000000000000000,positive
q189,N,B,Ro,B B B,R Ro Ro,Bo,Ro,q309,1,1,q249,2,0,0,0,0,0,0,0,zero
q189,N,B,Ro,B B B,R Ro Ro,Bo,R,q309,1,1,q250,2,17169,77559,73878,-92379,-34731,952123895274363425139/244140625000000000000,4736488113127455875215029/1000000000000000000000000,positive
q189,N,B,Ro,B B B,R Ro Ro,B,Ro,q317,1,1,q249,2,-1300,-5878,-5604,7004,2634,924050507310105490780997/500000000000000000000000,233342067106614318227/122070312500000000000,positive
q189,N,B,Ro,B B B,R Ro Ro,B,R,q317,1,1,q250,2,15869,71681,68274,-85375,-32097,1418808029487592061593/244140625000000000000,6584589127747666856777023/1000000000000000000000000,positive
q190,N,B,Ro,B B B,R Ro R,Bo,Ro,q310,1,1,q251,2,0,0,0,0,0,0,0,zero
q190,N,B,Ro,B B B,R Ro R,Bo,R,q310,1,1,q252,2,-12952,-58506,-55708,69656,26214,2785004634070712131754387/500000000000000000000000,756959064573427721717/122070312500000000000,positive
q190,N,B,Ro,B B B,R Ro R,B,Ro,q318,1,1,q251,2,378,1722,1656,-2058,-774,241743111354723550353/122070312500000000000,999508146551567840087133/500000000000000000000000,positive
q190,N,B,Ro,B B B,R Ro R,B,R,q318,1,1,q252,2,-12574,-56784,-54052,67598,25440,47306409757778499648019/6250000000000000000000,99870217592815127207/12207031250000000000,positive
q191,N,B,Ro,B B B,R R Ro,Bo,Ro,q311,1,1,q253,2,0,0,0,0,0,0,0,zero
q191,N,B,Ro,B B B,R R Ro,Bo,R,q311,1,1,q254,2,-6484,-29282,-27880,34888,13098,1682552900280629853587509/500000000000000000000000,449326210893993439569/122070312500000000000,positive
q191,N,B,Ro,B B B,R R Ro,B,Ro,q319,1,1,q253,2,378,1722,1656,-2058,-774,241743111354723550353/122070312500000000000,999508146551567840087133/500000000000000000000000,positive
q191,N,B,Ro,B B B,R R Ro,B,R,q319,1,1,q254,2,-6106,-27560,-26224,32830,12324,1341030523416098846837321/250000000000000000000000,345534661124358494961/61035156250000000000,positive
q192,N,B,Ro,B B B,R R R,Bo,Ro,q312,1,1,q255,2,0,0,0,0,0,0,0,zero
q192,N,B,Ro,B B B,R R R,Bo,R,q312,1,1,q256,2,-6007,-27127,-25818,32297,12147,3478821699523025232955027/1000000000000000000000000,920732292238424367457/244140625000000000000,positive
q192,N,B,Ro,B B B,R R R,B,Ro,q320,1,1,q255,2,378,1722,1656,-2058,-774,241743111354723550353/122070312500000000000,999508146551567840087133/500000000000000000000000,positive
q192,N,B,Ro,B B B,R R R,B,R,q320,1,1,q256,2,-5629,-25405,-24162,30239,11373,5477837992626160913129293/1000000000000000000000000,1404218514947871468163/244140625000000000000,positive
q193,N,B,R,Bo Bo Bo,Ro Ro Ro,Bo,Ro,q065,0,1,q129,0,-3192,-13944,-16416,18360,7128,384205810816273278357531/125000000000000000000000,98994788824979509071/30517578125000000000,positive
q193,N,B,R,Bo Bo Bo,Ro Ro Ro,Bo,R,q065,0,1,q130,0,-1596,-6972,-8208,9180,3564,384205810816273278357531/250000000000000000000000,98994788824979509071/61035156250000000000,positive
q193,N,B,R,Bo Bo Bo,Ro Ro Ro,B,Ro,q073,0,1,q129,0,-1596,-6972,-8208,9180,3564,384205810816273278357531/250000000000000000000000,98994788824979509071/61035156250000000000,positive
q193,N,B,R,Bo Bo Bo,Ro Ro Ro,B,R,q073,0,1,q130,0,0,0,0,0,0,0,0,zero
q194,N,B,R,Bo Bo Bo,Ro Ro R,Bo,Ro,q066,0,1,q131,0,-180,-684,-960,996,396,203047867276943673373059/250000000000000000000000,50144761124361674619/61035156250000000000,positive
q194,N,B,R,Bo Bo Bo,Ro Ro R,Bo,R,q066,0,1,q132,0,-180,-684,-960,996,396,203047867276943673373059/250000000000000000000000,50144761124361674619/61035156250000000000,positive
q194,N,B,R,Bo Bo Bo,Ro Ro R,B,Ro,q074,0,1,q131,0,0,0,0,0,0,0,0,zero
q194,N,B,R,Bo Bo Bo,Ro Ro R,B,R,q074,0,1,q132,0,0,0,0,0,0,0,0,zero
q195,N,B,R,Bo Bo Bo,Ro R Ro,Bo,Ro,q067,0,1,q133,0,-1400,-6464,-6684,7972,3036,607525821180670723860119/250000000000000000000000,19096568208528835963/7629394531250000000,positive
q195,N,B,R,Bo Bo Bo,Ro R Ro,Bo,R,q067,0,1,q134,0,0,0,0,0,0,0,0,zero
q195,N,B,R,Bo Bo Bo,Ro R Ro,B,Ro,q075,0,1,q133,0,-1400,-6464,-6684,7972,3036,607525821180670723860119/250000000000000000000000,19096568208528835963/7629394531250000000,positive
q195,N,B,R,Bo Bo Bo,Ro R Ro,B,R,q075,0,1,q134,0,0,0,0,0,0,0,0,zero
q196,N,B,R,Bo Bo Bo,Ro R R,Bo,Ro,q068,0,1,q135,0,0,0,0,0,0,0,0,zero
q196,N,B,R,Bo Bo Bo,Ro R R,Bo,R,q068,0,1,q136,0,0,0,0,0,0,0,0,zero
q196,N,B,R,Bo Bo Bo,Ro R R,B,Ro,q076,0,1,q135,0,6078,27396,26232,-32706,-12312,22370310602997826683/15258789062500000000,220307397894866639177901/125000000000000000000000,positive
q196,N,B,R,Bo Bo Bo,Ro R R,B,R,q076,0,1,q136,0,6078,27396,26232,-32706,-12312,22370310602997826683/15258789062500000000,220307397894866639177901/125000000000000000000000,positive
q197,N,B,R,Bo Bo Bo,R Ro Ro,Bo,Ro,q069,0,1,q193,1,2744,12704,13740,-15988,-6132,69008227795345425251/30517578125000000000,602073477246245174314147/250000000000000000000000,positive
q197,N,B,R,Bo Bo Bo,R Ro Ro,Bo,R,q069,0,1,q194,1,1556,7172,7644,-8968,-3432,29147634613657637677/61035156250000000000,69985155771192801383411/125000000000000000000000,positive
q197,N,B,R,Bo Bo Bo,R Ro Ro,B,Ro,q077,0,1,q193,1,1188,5532,6096,-7020,-2700,4354752839081328513/2441406250000000000,18484126628154382861893/10000000000000000000000,positive
q197,N,B,R,Bo Bo Bo,R Ro Ro,B,R,q077,0,1,q194,1,0,0,0,0,0,0,0,zero
q198,N,B,R,Bo Bo Bo,R Ro R,Bo,Ro,q070,0,1,q195,1,0,0,0,0,0,0,0,zero
q198,N,B,R,Bo Bo Bo,R Ro R,Bo,R,q070,0,1,q196,1,0,0,0,0,0,0,0,zero
q198,N,B,R,Bo Bo Bo,R Ro R,B,Ro,q078,0,1,q195,1,72,112,72,-136,-48,15447913935407349739/30517578125000000000,31707627636409632306877/62500000000000000000000,positive
q198,N,B,R,Bo Bo Bo,R Ro R,B,R,q078,0,1,q196,1,72,112,72,-136,-48,15447913935407349739/30517578125000000000,31707627636409632306877/62500000000000000000000,positive
q199,N,B,R,Bo Bo Bo,R R Ro,Bo,Ro,q071,0,1,q197,1,-1400,-6464,-6684,7972,3036,607525821180670723860119/250000000000000000000000,19096568208528835963/7629394531250000000,positive
q199,N,B,R,Bo Bo Bo,R R Ro,Bo,R,q071,0,1,q198,1,0,0,0,0,0,0,0,zero
q199,N,B,R,Bo Bo Bo,R R Ro,B,Ro,q079,0,1,q197,1,-2386,-10990,-11116,13422,5094,2103445686921057352961427/500000000000000000000000,528484560858720262357/122070312500000000000,positive
q199,N,B,R,Bo Bo Bo,R R Ro,B,R,q079,0,1,q198,1,-986,-4526,-4432,5450,2058,888394044559715905241189/500000000000000000000000,222939469522258886949/122070312500000000000,positive
q200,N,B,R,Bo Bo Bo,R R R,Bo,Ro,q072,0,1,q199,1,0,0,0,0,0,0,0,zero
q200,N,B,R,Bo Bo Bo,R R R,Bo,R,q072,0,1,q200,1,0,0,0,0,0,0,0,zero
q200,N,B,R,Bo Bo Bo,R R R,B,Ro,q080,0,1,q199,1,5532,24894,23796,-29700,-11178,390748075226920195941/122070312500000000000,1735053922046133966211851/500000000000000000000000,positive
q200,N,B,R,Bo Bo Bo,R R R,B,R,q080,0,1,q200,1,5532,24894,23796,-29700,-11178,390748075226920195941/122070312500000000000,1735053922046133966211851/500000000000000000000000,positive
q201,N,B,R,Bo Bo B,Ro Ro Ro,Bo,Ro,q081,0,1,q137,0,-180,-684,-960,996,396,203047867276943673373059/250000000000000000000000,50144761124361674619/61035156250000000000,positive
q201,N,B,R,Bo Bo B,Ro Ro Ro,Bo,R,q081,0,1,q138,0,0,0,0,0,0,0,0,zero
q201,N,B,R,Bo Bo B,Ro Ro Ro,B,Ro,q089,0,1,q137,0,-180,-684,-960,996,396,203047867276943673373059/250000000000000000000000,50144761124361674619/61035156250000000000,positive
q201,N,B,R,Bo Bo B,Ro Ro Ro,B,R,q089,0,1,q138,0,0,0,0,0,0,0,0,zero
q202,N,B,R,Bo Bo B,Ro Ro R,Bo,Ro,q082,0,1,q139,0,0,0,0,0,0,0,0,zero
q202,N,B,R,Bo Bo B,Ro Ro R,Bo,R,q082,0,1,q140,0,6078,27396,26232,-32706,-12312,22370310602997826683/15258789062500000000,220307397894866639177901/125000000000000000000000,positive
q202,N,B,R,Bo Bo B,Ro Ro R,B,Ro,q090,0,1,q139,0,38295,172959,164850,-206049,-77499,112031108523961677231/244140625000000000000,2325191304796624344053541/1000000000000000000000000,positive
q202,N,B,R,Bo Bo B,Ro Ro R,B,R,q090,0,1,q140,0,44373,200355,191082,-238755,-89811,469956078171926904159/244140625000000000000,4087650487955557457476749/1000000000000000000000000,positive
q203,N,B,R,Bo Bo B,Ro R Ro,Bo,Ro,q083,0,1,q141,0,-240,-1132,-1208,1416,540,62946175281025397338107/50000000000000000000000,15526277428464915237/12207031250000000000,positive
q203,N,B,R,Bo Bo B,Ro R Ro,Bo,R,q083,0,1,q142,0,0,0,0,0,0,0,0,zero
q203,N,B,R,Bo Bo B,Ro R Ro,B,Ro,q091,0,1,q141,0,8024,36168,34300,-42996,-16164,90180666636223036327/30517578125000000000,836070279438368100863319/250000000000000000000000,positive
q203,N,B,R,Bo Bo B,Ro R Ro,B,R,q091,0,1,q142,0,8264,37300,35508,-44412,-16704,102729946130121496469/61035156250000000000,32583712689577569635799/15625000000000000000000,positive
q204,N,B,R,Bo Bo B,Ro R R,Bo,Ro,q084,0,1,q143,0,0,0,0,0,0,0,0,zero
q204,N,B,R,Bo Bo B,Ro R R,Bo,R,q084,0,1,q144,0,-4412,-19954,-19112,23816,8970,171932031764148516943777/100000000000000000000000,47246340382055574957/24414062500000000000,positive
q204,N,B,R,Bo Bo B,Ro R R,B,Ro,q092,0,1,q143,0,-30689,-138705,-132136,165201,62127,2862011702957540298384207/1000000000000000000000000,1064024255735922979087/244140625000000000000,positive
q204,N,B,R,Bo Bo B,Ro R R,B,R,q092,0,1,q144,0,-35101,-158659,-151248,189017,71097,4581332020599025467821977/1000000000000000000000000,1536487659556478728657/244140625000000000000,positive
q205,N,B,R,Bo Bo B,R Ro Ro,Bo,Ro,q085,0,1,q201,1,132,612,768,-828,-324,57429326428927698039/61035156250000000000,237165374689301829785679/250000000000000000000000,positive
q205,N,B,R,Bo Bo B,R Ro Ro,Bo,R,q085,0,1,q202,1,0,0,0,0,0,0,0,zero
q205,N,B,R,Bo Bo B,R Ro Ro,B,Ro,q093,0,1,q201,1,-1914,-8628,-8040,10182,3816,260784704615022311956557/125000000000000000000000,33237497667062164281/15258789062500000000,positive
q205,N,B,R,Bo Bo B,R Ro Ro,B,R,q093,0,1,q202,1,-2046,-9240,-8808,11010,4140,56880806908148558825487/50000000000000000000000,15104132847864191817/12207031250000000000,positive
q206,N,B,R,Bo Bo B,R Ro R,Bo,Ro,q086,0,1,q203,1,0,0,0,0,0,0,0,zero
q206,N,B,R,Bo Bo B,R Ro R,Bo,R,q086,0,1,q204,1,-4104,-18546,-17748,22128,8334,908221430849042728247847/500000000000000000000000,246217542227539864077/122070312500000000000,positive
q206,N,B,R,Bo Bo B,R Ro R,B,Ro,q094,0,1,q203,1,-25235,-113925,-108384,135623,50991,2514021722857172279511631/1000000000000000000000000,913604007696879469671/244140625000000000000,positive
q206,N,B,R,Bo Bo B,R Ro R,B,R,q094,0,1,q204,1,-29339,-132471,-126132,157751,59325,173218583382210309440293/40000000000000000000000,56241563686078367913/9765625000000000000,positive
q207,N,B,R,Bo Bo B,R R Ro,Bo,Ro,q087,0,1,q205,1,-240,-1132,-1208,1416,540,62946175281025397338107/50000000000000000000000,15526277428464915237/12207031250000000000,positive
q207,N,B,R,Bo Bo B,R R Ro,Bo,R,q087,0,1,q206,1,0,0,0,0,0,0,0,zero
q207,N,B,R,Bo Bo B,R R Ro,B,Ro,q095,0,1,q205,1,8886,40150,38228,-47802,-17982,479620682533997388579/122070312500000000000,2181014511150041598210369/500000000000000000000000,positive
q207,N,B,R,Bo Bo B,R R Ro,B,R,q095,0,1,q206,1,9126,41282,39436,-49218,-18522,324357908249348236209/122070312500000000000,1551552758339787624829299/500000000000000000000000,positive
q208,N,B,R,Bo Bo B,R R R,Bo,Ro,q088,0,1,q207,1,0,0,0,0,0,0,0,zero
q208,N,B,R,Bo Bo B,R R R,Bo,R,q088,0,1,q208,1,-4412,-19954,-19112,23816,8970,171932031764148516943777/100000000000000000000000,47246340382055574957/24414062500000000000,positive
q208,N,B,R,Bo Bo B,R R R,B,Ro,q096,0,1,q207,1,-28723,-129773,-123556,154531,58107,3606802598090183829599387/1000000000000000000000000,1222234137308773397967/244140625000000000000,positive
q208,N,B,R,Bo Bo B,R R R,B,R,q096,0,1,q208,1,-33135,-149727,-142668,178347,67077,5326122915731668999037157/1000000000000000000000000,1694697541129329147537/244140625000000000000,positive
q209,N,B,R,Bo B Bo,Ro Ro Ro,Bo,Ro,q097,0,1,q145,0,-1400,-6464,-6684,7972,3036,607525821180670723860119/250000000000000000000000,19096568208528835963/7629394531250000000,positive
q209,N,B,R,Bo B Bo,Ro Ro Ro,Bo,R,q097,0,1,q146,0,-1400,-6464,-6684,7972,3036,607525821180670723860119/250000000000000000000000,19096568208528835963/7629394531250000000,positive
q209,N,B,R,Bo B Bo,Ro Ro Ro,B,Ro,q105,0,1,q145,0,0,0,0,0,0,0,0,zero
q209,N,B,R,Bo B Bo,Ro Ro Ro,B,R,q105,0,1,q146,0,0,0,0,0,0,0,0,zero
q210,N,B,R,Bo B Bo,Ro Ro R,Bo,Ro,q098,0,1,q147,0,-240,-1132,-1208,1416,540,62946175281025397338107/50000000000000000000000,15526277428464915237/12207031250000000000,positive
q210,N,B,R,Bo B Bo,Ro Ro R,Bo,R,q098,0,1,q148,0,1032,4564,4192,-5360,-2004,200214954016522836019/61035156250000000000,832159425651529471748459/250000000000000000000000,positive
q210,N,B,R,Bo B Bo,Ro Ro R,B,Ro,q106,0,1,q147,0,0,0,0,0,0,0,0,zero
q210,N,B,R,Bo B Bo,Ro Ro R,B,R,q106,0,1,q148,0,1272,5696,5400,-6776,-2544,61291783437099129917/30517578125000000000,129357137311600621264481/62500000000000000000000,positive
q211,N,B,R,Bo B Bo,Ro R Ro,Bo,Ro,q099,0,1,q149,0,-72,-344,-384,440,168,91055127781484222351861/125000000000000000000000,22353842474677643101/30517578125000000000,positive
q211,N,B,R,Bo B Bo,Ro R Ro,Bo,R,q099,0,1,q150,0,-36,-172,-192,220,84,91055127781484222351861/250000000000000000000000,22353842474677643101/61035156250000000000,positive
q211,N,B,R,Bo B Bo,Ro R Ro,B,Ro,q107,0,1,q149,0,-36,-172,-192,220,84,91055127781484222351861/250000000000000000000000,22353842474677643101/61035156250000000000,positive
q211,N,B,R,Bo B Bo,Ro R Ro,B,R,q107,0,1,q150,0,0,0,0,0,0,0,0,zero
q212,N,B,R,Bo B Bo,Ro R R,Bo,Ro,q100,0,1,q151,0,0,0,0,0,0,0,0,zero
q212,N,B,R,Bo B Bo,Ro R R,Bo,R,q100,0,1,q152,0,-944,-4260,-4072,5088,1908,538304612783747586706557/250000000000000000000000,134232199387704219187/61035156250000000000,positive
q212,N,B,R,Bo B Bo,Ro R R,B,Ro,q108,0,1,q151,0,2586,11676,11132,-13898,-5244,26469575075402465821/15258789062500000000,465184078062921398105249/250000000000000000000000,positive
q212,N,B,R,Bo B Bo,Ro R R,B,R,q108,0,1,q152,0,1642,7416,7060,-8810,-3336,240110499689314082471/61035156250000000000,501744345423334492405903/125000000000000000000000,positive
q213,N,B,R,Bo B Bo,R Ro Ro,Bo,Ro,q101,0,1,q209,1,888,4080,4056,-4944,-1872,15171536082499452321/30517578125000000000,33885134646217417468203/62500000000000000000000,positive
q213,N,B,R,Bo B Bo,R Ro Ro,Bo,R,q101,0,1,q210,1,888,4080,4056,-4944,-1872,15171536082499452321/30517578125000000000,33885134646217417468203/62500000000000000000000,positive
q213,N,B,R,Bo B Bo,R Ro Ro,B,Ro,q109,0,1,q209,1,0,0,0,0,0,0,0,zero
q213,N,B,R,Bo B Bo,R Ro Ro,B,R,q109,0,1,q210,1,0,0,0,0,0,0,0,zero
q214,N,B,R,Bo B Bo,R Ro R,Bo,Ro,q102,0,1,q211,1,0,0,0,0,0,0,0,zero
q214,N,B,R,Bo B Bo,R Ro R,Bo,R,q102,0,1,q212,1,-848,-3816,-3632,4552,1704,293897123752278744711733/125000000000000000000000,73008091072045107703/30517578125000000000,positive
q214,N,B,R,Bo B Bo,R Ro R,B,Ro,q110,0,1,q211,1,8,32,64,-56,-24,20748475642160104557/30517578125000000000,85055126338959082806877/125000000000000000000000,positive
q214,N,B,R,Bo B Bo,R Ro R,B,R,q110,0,1,q212,1,-840,-3784,-3568,4496,1680,37895225009123782751861/12500000000000000000000,4687828335710260613/1525878906250000000,positive
q215,N,B,R,Bo B Bo,R R Ro,Bo,Ro,q103,0,1,q213,1,-36,-172,-192,220,84,91055127781484222351861/250000000000000000000000,22353842474677643101/61035156250000000000,positive
q215,N,B,R,Bo B Bo,R R Ro,Bo,R,q103,0,1,q214,1,0,0,0,0,0,0,0,zero
q215,N,B,R,Bo B Bo,R R Ro,B,Ro,q111,0,1,q213,1,-434,-1962,-1848,2330,870,203813976128375608600567/100000000000000000000000,50272785437481655347/24414062500000000000,positive
q215,N,B,R,Bo B Bo,R R Ro,B,R,q111,0,1,q214,1,-398,-1790,-1656,2110,786,836959625078909598299113/500000000000000000000000,206656242238052990533/122070312500000000000,positive
q216,N,B,R,Bo B Bo,R R R,Bo,Ro,q104,0,1,q215,1,0,0,0,0,0,0,0,zero
q216,N,B,R,Bo B Bo,R R R,Bo,R,q104,0,1,q216,1,-944,-4260,-4072,5088,1908,538304612783747586706557/250000000000000000000000,134232199387704219187/61035156250000000000,positive
q216,N,B,R,Bo B Bo,R R R,B,Ro,q112,0,1,q215,1,1438,6490,6204,-7730,-2922,363240892052196763009/122070312500000000000,1522911141018040374949099/500000000000000000000000,positive
q216,N,B,R,Bo B Bo,R R R,B,R,q112,0,1,q216,1,494,2230,2132,-2642,-1014,631705290827605201383/122070312500000000000,2599520366585535548362213/500000000000000000000000,positive
q217,N,B,R,Bo B B,Ro Ro Ro,Bo,Ro,q113,0,1,q153,0,0,0,0,0,0,0,0,zero
q217,N,B,R,Bo B B,Ro Ro Ro,Bo,R,q113,0,1,q154,0,38295,172959,164850,-206049,-77499,112031108523961677231/244140625000000000000,2325191304796624344053541/1000000000000000000000000,positive
q217,N,B,R,Bo B B,Ro Ro Ro,B,Ro,q121,0,1,q153,0,0,0,0,0,0,0,0,zero
q217,N,B,R,Bo B B,Ro Ro Ro,B,R,q121,0,1,q154,0,38295,172959,164850,-206049,-77499,112031108523961677231/244140625000000000000,2325191304796624344053541/1000000000000000000000000,positive
q218,N,B,R,Bo B B,Ro Ro R,Bo,Ro,q114,0,1,q155,0,0,0,0,0,0,0,0,zero
q218,N,B,R,Bo B B,Ro Ro R,Bo,R,q114,0,1,q156,0,-37681,-170309,-162244,202837,76287,2846368287810185781924767/1000000000000000000000000,1143438738712230032547/244140625000000000000,positive
q218,N,B,R,Bo B B,Ro Ro R,B,Ro,q122,0,1,q155,0,-29637,-133913,-127622,159523,59997,1172231611151148455266877/1000000000000000000000000,638942781968252245807/244140625000000000000,positive
q218,N,B,R,Bo B B,Ro Ro R,B,R,q122,0,1,q156,0,-67318,-304222,-289866,362360,136284,1004649974740333559297911/250000000000000000000000,891190760340241139177/122070312500000000000,positive
q219,N,B,R,Bo B B,Ro R Ro,Bo,Ro,q115,0,1,q157,0,0,0,0,0,0,0,0,zero
q219,N,B,R,Bo B B,Ro R Ro,Bo,R,q115,0,1,q158,0,15653,70685,67294,-84179,-31641,323206901870093856429/244140625000000000000,2086090018178237914131719/1000000000000000000000000,positive
q219,N,B,R,Bo B B,Ro R Ro,B,Ro,q123,0,1,q157,0,-6800,-30726,-29284,36600,13770,202507789243117240643457/100000000000000000000000,57534670397026102087/24414062500000000000,positive
q219,N,B,R,Bo B B,Ro R Ro,B,R,q123,0,1,q158,0,8853,39959,38010,-47579,-17871,898553605840354877299/244140625000000000000,4111167910609410320566289/1000000000000000000000000,positive
q220,N,B,R,Bo B B,Ro R R,Bo,Ro,q116,0,1,q159,0,0,0,0,0,0,0,0,zero
q220,N,B,R,Bo B B,Ro R R,Bo,R,q116,0,1,q160,0,24599,111149,105846,-132361,-49773,717384341188312923937/244140625000000000000,4137144400719286240896307/1000000000000000000000000,positive
q220,N,B,R,Bo B B,Ro R R,B,Ro,q124,0,1,q159,0,17356,78430,74694,-93398,-35124,379820860037413623553/122070312500000000000,989347183603433272228979/250000000000000000000000,positive
q220,N,B,R,Bo B B,Ro R R,B,R,q124,0,1,q160,0,41955,189579,180540,-225759,-84897,1477026061263140171043/244140625000000000000,8094533135133019329812223/1000000000000000000000000,positive
q221,N,B,R,Bo B B,R Ro Ro,Bo,Ro,q117,0,1,q217,1,0,0,0,0,0,0,0,zero
q221,N,B,R,Bo B B,R Ro Ro,Bo,R,q117,0,1,q218,1,-25833,-116703,-111204,139017,52281,1277175862781426000554521/1000000000000000000000000,619207221114622697661/244140625000000000000,positive
q221,N,B,R,Bo B B,R Ro Ro,B,Ro,q125,0,1,q217,1,1922,8696,8304,-10366,-3900,3815923140654444241/2441406250000000000,16569198555030714269401/10000000000000000000000,positive
q221,N,B,R,Bo B B,R Ro Ro,B,R,q125,0,1,q218,1,-23911,-108007,-102900,128651,48381,2934095718284497427494621/1000000000000000000000000,1000799535180067121761/244140625000000000000,positive
q222,N,B,R,Bo B B,R Ro R,Bo,Ro,q118,0,1,q219,1,0,0,0,0,0,0,0,zero
q222,N,B,R,Bo B B,R Ro R,Bo,R,q118,0,1,q220,1,25429,114893,109410,-136815,-51453,842843431248611413357/244140625000000000000,4691403658508768234747427/1000000000000000000000000,positive
q222,N,B,R,Bo B B,R Ro R,B,Ro,q126,0,1,q219,1,13548,61168,58202,-72822,-27378,76082118589907261679/30517578125000000000,1576241101024932357779751/500000000000000000000000,positive
q222,N,B,R,Bo B B,R Ro R,B,R,q126,0,1,q220,1,38977,176061,167612,-209637,-78831,1451500379967869506789/244140625000000000000,7843885860558632950306929/1000000000000000000000000,positive
q223,N,B,R,Bo B B,R R Ro,Bo,Ro,q119,0,1,q221,1,0,0,0,0,0,0,0,zero
q223,N,B,R,Bo B B,R R Ro,Bo,R,q119,0,1,q222,1,15653,70685,67294,-84179,-31641,323206901870093856429/244140625000000000000,2086090018178237914131719/1000000000000000000000000,positive
q223,N,B,R,Bo B B,R R Ro,B,Ro,q127,0,1,q221,1,-4544,-20570,-19650,24526,9228,623836663480641121011587/250000000000000000000000,331733585303654925709/122070312500000000000,positive
q223,N,B,R,Bo B B,R R Ro,B,R,q127,0,1,q222,1,11109,50115,47644,-59653,-22413,986674072477403707847/244140625000000000000,4581436672100802398178067/1000000000000000000000000,positive
q224,N,B,R,Bo B B,R R R,Bo,Ro,q120,0,1,q223,1,0,0,0,0,0,0,0,zero
q224,N,B,R,Bo B B,R R R,Bo,R,q120,0,1,q224,1,24599,111149,105846,-132361,-49773,717384341188312923937/244140625000000000000,4137144400719286240896307/1000000000000000000000000,positive
q224,N,B,R,Bo B B,R R R,B,Ro,q128,0,1,q223,1,8915,40259,38304,-47923,-18021,696599478398138948899/244140625000000000000,3287262569247562262910139/1000000000000000000000000,positive
q224,N,B,R,Bo B B,R R R,B,R,q128,0,1,q224,1,33514,151408,144150,-180284,-67794,353495954896612968209/61035156250000000000,3712203484983424251903223/500000000000000000000000,positive
q225,N,B,R,B Bo Bo,Ro Ro Ro,Bo,Ro,q321,1,1,q161,0,2744,12704,13740,-15988,-6132,69008227795345425251/30517578125000000000,602073477246245174314147/250000000000000000000000,positive
q225,N,B,R,B Bo Bo,Ro Ro Ro,Bo,R,q321,1,1,q162,0,1188,5532,6096,-7020,-2700,4354752839081328513/2441406250000000000,18484126628154382861893/10000000000000000000000,positive
q225,N,B,R,B Bo Bo,Ro Ro Ro,B,Ro,q329,1,1,q161,0,1556,7172,7644,-8968,-3432,29147634613657637677/61035156250000000000,69985155771192801383411/125000000000000000000000,positive
q225,N,B,R,B Bo Bo,Ro Ro Ro,B,R,q329,1,1,q162,0,0,0,0,0,0,0,0,zero
q226,N,B,R,B Bo Bo,Ro Ro R,Bo,Ro,q322,1,1,q163,0,132,612,768,-828,-324,57429326428927698039/61035156250000000000,237165374689301829785679/250000000000000000000000,positive
q226,N,B,R,B Bo Bo,Ro Ro R,Bo,R,q322,1,1,q164,0,-236,-1028,-780,1120,408,279649114425387899283091/125000000000000000000000,137150512792303273187/61035156250000000000,positive
q226,N,B,R,B Bo Bo,Ro Ro R,B,Ro,q330,1,1,q163,0,0,0,0,0,0,0,0,zero
q226,N,B,R,B Bo Bo,Ro Ro R,B,R,q330,1,1,q164,0,-368,-1640,-1548,1948,732,322132854161473968780503/250000000000000000000000,19930296590843893787/15258789062500000000,positive
q227,N,B,R,B Bo Bo,Ro R Ro,Bo,Ro,q323,1,1,q165,0,888,4080,4056,-4944,-1872,15171536082499452321/30517578125000000000,33885134646217417468203/62500000000000000000000,positive
q227,N,B,R,B Bo Bo,Ro R Ro,Bo,R,q323,1,1,q166,0,0,0,0,0,0,0,0,zero
q227,N,B,R,B Bo Bo,Ro R Ro,B,Ro,q331,1,1,q165,0,888,4080,4056,-4944,-1872,15171536082499452321/30517578125000000000,33885134646217417468203/62500000000000000000000,positive
q227,N,B,R,B Bo Bo,Ro R Ro,B,R,q331,1,1,q166,0,0,0,0,0,0,0,0,zero
q228,N,B,R,B Bo Bo,Ro R R,Bo,Ro,q324,1,1,q167,0,0,0,0,0,0,0,0,zero
q228,N,B,R,B Bo Bo,Ro R R,Bo,R,q324,1,1,q168,0,244,1096,1044,-1304,-492,45598778196153244981/30517578125000000000,376501144255036682081957/250000000000000000000000,positive
q228,N,B,R,B Bo Bo,Ro R R,B,Ro,q332,1,1,q167,0,-4104,-18546,-17748,22128,8334,908221430849042728247847/500000000000000000000000,246217542227539864077/122070312500000000000,positive
q228,N,B,R,B Bo Bo,Ro R R,B,R,q332,1,1,q168,0,-3860,-17450,-16704,20824,7842,1661223719359116092411761/500000000000000000000000,428612655012152844001/122070312500000000000,positive
q229,N,B,R,B Bo Bo,R Ro Ro,Bo,Ro,q325,1,1,q225,1,-1892,-8768,-8928,10732,4080,8370895786245042333091/12500000000000000000000,2342833976403885031/3051757812500000000,positive
q229,N,B,R,B Bo Bo,R Ro Ro,Bo,R,q325,1,1,q226,1,-748,-3460,-3516,4232,1608,10680359135719471939241/125000000000000000000000,7573550186601379987/61035156250000000000,positive
q229,N,B,R,B Bo Bo,R Ro Ro,B,Ro,q333,1,1,q225,1,-1144,-5308,-5412,6500,2472,73028598726730951391669/125000000000000000000000,39283129341476320633/61035156250000000000,positive
q229,N,B,R,B Bo Bo,R Ro Ro,B,R,q333,1,1,q226,1,0,0,0,0,0,0,0,zero
q230,N,B,R,B Bo Bo,R Ro R,Bo,Ro,q326,1,1,q227,1,0,0,0,0,0,0,0,zero
q230,N,B,R,B Bo Bo,R Ro R,Bo,R,q326,1,1,q228,1,244,1096,1044,-1304,-492,45598778196153244981/30517578125000000000,376501144255036682081957/250000000000000000000000,positive
q230,N,B,R,B Bo Bo,R Ro R,B,Ro,q334,1,1,q227,1,-16,-24,-64,56,24,73368873661040917193123/125000000000000000000000,17929014592214895443/30517578125000000000,positive
q230,N,B,R,B Bo Bo,R Ro R,B,R,q334,1,1,q228,1,228,1072,980,-1248,-468,7940974098546017553/3814697265625000000,523238891577118516468203/250000000000000000000000,positive
q231,N,B,R,B Bo Bo,R R Ro,Bo,Ro,q327,1,1,q229,1,888,4080,4056,-4944,-1872,15171536082499452321/30517578125000000000,33885134646217417468203/62500000000000000000000,positive
q231,N,B,R,B Bo Bo,R R Ro,Bo,R,q327,1,1,q230,1,0,0,0,0,0,0,0,zero
q231,N,B,R,B Bo Bo,R R Ro,B,Ro,q335,1,1,q229,1,1530,7006,6820,-8414,-3174,274128878382698216903/122070312500000000000,1161040245956739436837933/500000000000000000000000,positive
q231,N,B,R,B Bo Bo,R R Ro,B,R,q335,1,1,q230,1,642,2926,2764,-3470,-1302,213442734052700407619/122070312500000000000,889959168787000097092309/500000000000000000000000,positive
q232,N,B,R,B Bo Bo,R R R,Bo,Ro,q328,1,1,q231,1,0,0,0,0,0,0,0,zero
q232,N,B,R,B Bo Bo,R R R,Bo,R,q328,1,1,q232,1,244,1096,1044,-1304,-492,45598778196153244981/30517578125000000000,376501144255036682081957/250000000000000000000000,positive
q232,N,B,R,B Bo Bo,R R R,B,Ro,q336,1,1,q231,1,-2270,-10230,-9800,12214,4602,1363747864536713133125341/500000000000000000000000,346462202450548367281/122070312500000000000,positive
q232,N,B,R,B Bo Bo,R R R,B,R,q336,1,1,q232,1,-2026,-9134,-8756,10910,4110,423350030609357299457851/100000000000000000000000,105771463047032269441/24414062500000000000,positive
q233,N,B,R,B Bo B,Ro Ro Ro,Bo,Ro,q337,1,1,q169,0,0,0,0,0,0,0,0,zero
q233,N,B,R,B Bo B,Ro Ro Ro,Bo,R,q337,1,1,q170,0,72,112,72,-136,-48,15447913935407349739/30517578125000000000,31707627636409632306877/62500000000000000000000,positive
q233,N,B,R,B Bo B,Ro Ro Ro,B,Ro,q345,1,1,q169,0,0,0,0,0,0,0,0,zero
q233,N,B,R,B Bo B,Ro Ro Ro,B,R,q345,1,1,q170,0,72,112,72,-136,-48,15447913935407349739/30517578125000000000,31707627636409632306877/62500000000000000000000,positive
q234,N,B,R,B Bo B,Ro Ro R,Bo,Ro,q338,1,1,q171,0,0,0,0,0,0,0,0,zero
q234,N,B,R,B Bo B,Ro Ro R,Bo,R,q338,1,1,q172,0,-4164,-18750,-17776,22288,8382,1544335416722161273792831/500000000000000000000000,401666693700409558871/122070312500000000000,positive
q234,N,B,R,B Bo B,Ro Ro R,B,Ro,q346,1,1,q171,0,-25833,-116703,-111204,139017,52281,1277175862781426000554521/1000000000000000000000000,619207221114622697661/244140625000000000000,positive
q234,N,B,R,B Bo B,Ro Ro R,B,R,q346,1,1,q172,0,-29997,-135453,-128980,161305,60663,4365846696225748548140183/1000000000000000000000000,1422540608515441815403/244140625000000000000,positive
q235,N,B,R,B Bo B,Ro R Ro,Bo,Ro,q339,1,1,q173,0,0,0,0,0,0,0,0,zero
q235,N,B,R,B Bo B,Ro R Ro,Bo,R,q339,1,1,q174,0,8,32,64,-56,-24,20748475642160104557/30517578125000000000,85055126338959082806877/125000000000000000000000,positive
q235,N,B,R,B Bo B,Ro R Ro,B,Ro,q347,1,1,q173,0,-5568,-25144,-23948,29940,11268,527634821939487148342497/250000000000000000000000,72685757304867762051/30517578125000000000,positive
q235,N,B,R,B Bo B,Ro R Ro,B,R,q347,1,1,q174,0,-5560,-25112,-23884,29884,11244,697745074617405313956251/250000000000000000000000,5839639559189241663/1907348632812500000,positive
q236,N,B,R,B Bo B,Ro R R,Bo,Ro,q340,1,1,q175,0,0,0,0,0,0,0,0,zero
q236,N,B,R,B Bo B,Ro R R,Bo,R,q340,1,1,q176,0,2080,9376,8904,-11144,-4200,847449406496891881/305175781250000000,14389538044492041408139/5000000000000000000000,positive
q236,N,B,R,B Bo B,Ro R R,B,Ro,q348,1,1,q175,0,20709,93565,89094,-111427,-41889,840264761111192648141/244140625000000000000,4450765956248486870423551/1000000000000000000000000,positive
q236,N,B,R,B Bo B,Ro R R,B,R,q348,1,1,q176,0,22789,102941,97998,-122571,-46089,1518224286308706152941/244140625000000000000,7328673565146895152051351/1000000000000000000000000,positive
q237,N,B,R,B Bo B,R Ro Ro,Bo,Ro,q341,1,1,q233,1,0,0,0,0,0,0,0,zero
q237,N,B,R,B Bo B,R Ro Ro,Bo,R,q341,1,1,q234,1,-16,-24,-64,56,24,73368873661040917193123/125000000000000000000000,17929014592214895443/30517578125000000000,positive
q237,N,B,R,B Bo B,R Ro Ro,B,Ro,q349,1,1,q233,1,1380,6234,5940,-7428,-2790,32379364901236305051/24414062500000000000,139350743346368330439561/100000000000000000000000,positive
q237,N,B,R,B Bo B,R Ro Ro,B,R,q349,1,1,q234,1,1364,6210,5876,-7372,-2766,233612882875041107027/122070312500000000000,990229211376005320970297/500000000000000000000000,positive
q238,N,B,R,B Bo B,R Ro R,Bo,Ro,q342,1,1,q235,1,0,0,0,0,0,0,0,zero
q238,N,B,R,B Bo B,R Ro R,Bo,R,q342,1,1,q236,1,2794,12600,11984,-14982,-5652,219429699168593996347/61035156250000000000,932740350099442302539067/250000000000000000000000,positive
q238,N,B,R,B Bo B,R Ro R,B,Ro,q350,1,1,q235,1,5475,24705,23486,-29405,-11049,525455237545473927181/244140625000000000000,2418467277954829569727991/1000000000000000000000000,positive
q238,N,B,R,B Bo B,R Ro R,B,R,q350,1,1,q236,1,8269,37305,35470,-44387,-16701,1403174034219849912569/244140625000000000000,6149428678352598779884259/1000000000000000000000000,positive
q239,N,B,R,B Bo B,R R Ro,Bo,Ro,q343,1,1,q237,1,0,0,0,0,0,0,0,zero
q239,N,B,R,B Bo B,R R Ro,Bo,R,q343,1,1,q238,1,8,32,64,-56,-24,20748475642160104557/30517578125000000000,85055126338959082806877/125000000000000000000000,positive
q239,N,B,R,B Bo B,R R Ro,B,Ro,q351,1,1,q237,1,-3408,-15432,-14754,18402,6930,238284951036610106011413/100000000000000000000000,972610303203823347/381469726562500000,positive
q239,N,B,R,B Bo B,R R Ro,B,R,q351,1,1,q238,1,-3400,-15400,-14690,18346,6906,1531645260538886861284573/500000000000000000000000,98557299898465972317/30517578125000000000,positive
q240,N,B,R,B Bo B,R R R,Bo,Ro,q344,1,1,q239,1,0,0,0,0,0,0,0,zero
q240,N,B,R,B Bo B,R R R,Bo,R,q344,1,1,q240,1,2080,9376,8904,-11144,-4200,847449406496891881/305175781250000000,14389538044492041408139/5000000000000000000000,positive
q240,N,B,R,B Bo B,R R R,B,Ro,q352,1,1,q239,1,6555,29595,28146,-35229,-13239,695310143329429566291/244140625000000000000,3166943718117421580748201/1000000000000000000000000,positive
q240,N,B,R,B Bo B,R R R,B,R,q352,1,1,q240,1,8635,38971,37050,-46373,-17439,1373269668526943071091/244140625000000000000,6044851327015829862376001/1000000000000000000000000,positive
q241,N,B,R,B B Bo,Ro Ro Ro,Bo,Ro,q353,1,1,q177,0,-1400,-6464,-6684,7972,3036,607525821180670723860119/250000000000000000000000,19096568208528835963/7629394531250000000,positive
q241,N,B,R,B B Bo,Ro Ro Ro,Bo,R,q353,1,1,q178,0,-7560,-34392,-33430,41302,15582,2024077193892756374540431/500000000000000000000000,134984284338671948399/30517578125000000000,positive
q241,N,B,R,B B Bo,Ro Ro Ro,B,Ro,q361,1,1,q177,0,0,0,0,0,0,0,0,zero
q241,N,B,R,B B Bo,Ro Ro Ro,B,R,q361,1,1,q178,0,-6160,-27928,-26746,33330,12546,809025551531414926820193/500000000000000000000000,58598011504556604547/30517578125000000000,positive
q242,N,B,R,B B Bo,Ro Ro R,Bo,Ro,q354,1,1,q179,0,-240,-1132,-1208,1416,540,62946175281025397338107/50000000000000000000000,15526277428464915237/12207031250000000000,positive
q242,N,B,R,B B Bo,Ro Ro R,Bo,R,q354,1,1,q180,0,7068,31948,30434,-38046,-14310,50787534752618338407/12207031250000000000,450512259320933063680329/100000000000000000000000,positive
q242,N,B,R,B B Bo,Ro Ro R,B,Ro,q362,1,1,q179,0,0,0,0,0,0,0,0,zero
q242,N,B,R,B B Bo,Ro Ro R,B,R,q362,1,1,q180,0,7308,33080,31642,-39462,-14850,3526125732415342317/1220703125000000000,64923981751776453800823/20000000000000000000000,positive
q243,N,B,R,B B Bo,Ro R Ro,Bo,Ro,q355,1,1,q181,0,-36,-172,-192,220,84,91055127781484222351861/250000000000000000000000,22353842474677643101/61035156250000000000,positive
q243,N,B,R,B B Bo,Ro R Ro,Bo,R,q355,1,1,q182,0,-2040,-9200,-8718,10934,4110,208039733736636420257851/100000000000000000000000,6650911674602106727/3051757812500000000,positive
q243,N,B,R,B B Bo,Ro R Ro,B,Ro,q363,1,1,q181,0,0,0,0,0,0,0,0,zero
q243,N,B,R,B B Bo,Ro R Ro,B,R,q363,1,1,q182,0,-2004,-9028,-8526,10714,4026,858088413120213656585533/500000000000000000000000,110664391017364491439/61035156250000000000,positive
q244,N,B,R,B B Bo,Ro R R,Bo,Ro,q356,1,1,q183,0,0,0,0,0,0,0,0,zero
q244,N,B,R,B B Bo,Ro R R,Bo,R,q356,1,1,q184,0,-4544,-20570,-19650,24526,9228,623836663480641121011587/250000000000000000000000,331733585303654925709/122070312500000000000,positive
q244,N,B,R,B B Bo,Ro R R,B,Ro,q364,1,1,q183,0,2586,11676,11132,-13898,-5244,26469575075402465821/15258789062500000000,465184078062921398105249/250000000000000000000000,positive
q244,N,B,R,B B Bo,Ro R R,B,R,q364,1,1,q184,0,-1958,-8894,-8518,10628,3984,272255185385890629779209/62500000000000000000000,543490185906874652277/122070312500000000000,positive
q245,N,B,R,B B Bo,R Ro Ro,Bo,Ro,q357,1,1,q241,1,0,0,0,0,0,0,0,zero
q245,N,B,R,B B Bo,R Ro Ro,Bo,R,q357,1,1,q242,1,4182,18932,18074,-22564,-8490,5796883273197719407/3051757812500000000,210396054473341322546191/100000000000000000000000,positive
q245,N,B,R,B B Bo,R Ro Ro,B,Ro,q365,1,1,q241,1,-248,-1136,-1116,1372,516,116264126488144053304289/250000000000000000000000,14572452536216322337/30517578125000000000,positive
q245,N,B,R,B B Bo,R Ro Ro,B,R,q365,1,1,q242,1,3934,17796,16958,-21192,-7974,72541285268193516407/30517578125000000000,1284508525342994719339533/500000000000000000000000,positive
q246,N,B,R,B B Bo,R Ro R,Bo,Ro,q358,1,1,q243,1,0,0,0,0,0,0,0,zero
q246,N,B,R,B B Bo,R Ro R,Bo,R,q358,1,1,q244,1,-4950,-22392,-21370,26692,10038,1744412446684355509094779/500000000000000000000000,227697962486533749007/61035156250000000000,positive
q246,N,B,R,B B Bo,R Ro R,B,Ro,q366,1,1,q243,1,104,476,504,-592,-228,53280934040706205333/61035156250000000000,219599887398728068330663/250000000000000000000000,positive
q246,N,B,R,B B Bo,R Ro R,B,R,q366,1,1,q244,1,-4846,-21916,-20866,26100,9810,436722444296362329151221/100000000000000000000000,14048944826361997717/3051757812500000000,positive
q247,N,B,R,B B Bo,R R Ro,Bo,Ro,q359,1,1,q245,1,0,0,0,0,0,0,0,zero
q247,N,B,R,B B Bo,R R Ro,Bo,R,q359,1,1,q246,1,-2004,-9028,-8526,10714,4026,858088413120213656585533/500000000000000000000000,110664391017364491439/61035156250000000000,positive
q247,N,B,R,B B Bo,R R Ro,B,Ro,q367,1,1,q245,1,-398,-1790,-1656,2110,786,836959625078909598299113/500000000000000000000000,206656242238052990533/122070312500000000000,positive
q247,N,B,R,B B Bo,R R Ro,B,R,q367,1,1,q246,1,-2402,-10818,-10182,12824,4812,847524019099561627442323/250000000000000000000000,427985024272781973411/122070312500000000000,positive
q248,N,B,R,B B Bo,R R R,Bo,Ro,q360,1,1,q247,1,0,0,0,0,0,0,0,zero
q248,N,B,R,B B Bo,R R R,Bo,R,q360,1,1,q248,1,-4544,-20570,-19650,24526,9228,623836663480641121011587/250000000000000000000000,331733585303654925709/122070312500000000000,positive
q248,N,B,R,B B Bo,R R R,B,Ro,q368,1,1,q247,1,644,2918,2832,-3496,-1326,255803662072692232097/122070312500000000000,1063671256560330933319817/500000000000000000000000,positive
q248,N,B,R,B B Bo,R R R,B,R,q368,1,1,q248,1,-3900,-17652,-16818,21030,7902,2311344583521613175342991/500000000000000000000000,293768623688173578903/61035156250000000000,positive
q249,N,B,R,B B B,Ro Ro Ro,Bo,Ro,q369,1,1,q185,0,0,0,0,0,0,0,0,zero
q249,N,B,R,B B B,Ro Ro Ro,Bo,R,q369,1,1,q186,0,37749,170457,162414,-203043,-76365,107120457865967368437/48828125000000000000,806567993145991832610807/200000000000000000000000,positive
q249,N,B,R,B B B,Ro Ro Ro,B,Ro,q377,1,1,q185,0,0,0,0,0,0,0,0,zero
q249,N,B,R,B B B,Ro Ro Ro,B,R,q377,1,1,q186,0,37749,170457,162414,-203043,-76365,107120457865967368437/48828125000000000000,806567993145991832610807/200000000000000000000000,positive
q250,N,B,R,B B B,Ro Ro R,Bo,Ro,q370,1,1,q187,0,0,0,0,0,0,0,0,zero
q250,N,B,R,B B B,Ro Ro R,Bo,R,q370,1,1,q188,0,-28472,-128658,-122512,153204,57618,1885457424624191232560169/500000000000000000000000,629695620699283064129/122070312500000000000,positive
q250,N,B,R,B B B,Ro Ro R,B,Ro,q378,1,1,q187,0,-29637,-133913,-127622,159523,59997,1172231611151148455266877/1000000000000000000000000,638942781968252245807/244140625000000000000,positive
q250,N,B,R,B B B,Ro Ro R,B,R,q378,1,1,q188,0,-58109,-262571,-250134,312727,117615,988629292079906184077443/200000000000000000000000,379666804673363674813/48828125000000000000,positive
q251,N,B,R,B B B,Ro R Ro,Bo,Ro,q371,1,1,q189,0,0,0,0,0,0,0,0,zero
q251,N,B,R,B B B,Ro R Ro,Bo,R,q371,1,1,q190,0,9622,43444,41372,-51742,-19452,41857637420204477193/15258789062500000000,802934793196805150447617/250000000000000000000000,positive
q251,N,B,R,B B B,Ro R Ro,B,Ro,q379,1,1,q189,0,-6800,-30726,-29284,36600,13770,202507789243117240643457/100000000000000000000000,57534670397026102087/24414062500000000000,positive
q251,N,B,R,B B B,Ro R Ro,B,R,q379,1,1,q190,0,2822,12718,12088,-15142,-5682,622534451346766327979/122070312500000000000,2618408532609196504112519/500000000000000000000000,positive
q252,N,B,R,B B B,Ro R R,Bo,Ro,q372,1,1,q191,0,0,0,0,0,0,0,0,zero
q252,N,B,R,B B B,Ro R R,Bo,R,q372,1,1,q192,0,8915,40259,38304,-47923,-18021,696599478398138948899/244140625000000000000,3287262569247562262910139/1000000000000000000000000,positive
q252,N,B,R,B B B,Ro R R,B,Ro,q380,1,1,q191,0,17356,78430,74694,-93398,-35124,379820860037413623553/122070312500000000000,989347183603433272228979/250000000000000000000000,positive
q252,N,B,R,B B B,Ro R R,B,R,q380,1,1,q192,0,26271,118689,112998,-141321,-53145,291248239694593239201/48828125000000000000,1448930260732259070365211/200000000000000000000000,positive
q253,N,B,R,B B B,R Ro Ro,Bo,Ro,q373,1,1,q249,1,0,0,0,0,0,0,0,zero
q253,N,B,R,B B B,R Ro Ro,Bo,R,q373,1,1,q250,1,-25455,-114981,-109548,136959,51507,3276192155884561680728787/1000000000000000000000000,1102693443824069798367/244140625000000000000,positive
q253,N,B,R,B B B,R Ro Ro,B,Ro,q381,1,1,q249,1,1922,8696,8304,-10366,-3900,3815923140654444241/2441406250000000000,16569198555030714269401/10000000000000000000000,positive
q253,N,B,R,B B B,R Ro Ro,B,R,q381,1,1,q250,1,-23533,-106285,-101244,126593,47607,4933112011387633107668887/1000000000000000000000000,1484285757889514222467/244140625000000000000,positive
q254,N,B,R,B B B,R Ro R,Bo,Ro,q374,1,1,q251,1,0,0,0,0,0,0,0,zero
q254,N,B,R,B B B,R Ro R,Bo,R,q374,1,1,q252,1,19206,86764,82608,-103306,-38856,136885858256337652783/30517578125000000000,677641966918908962583863/125000000000000000000000,positive
q254,N,B,R,B B B,R Ro R,B,Ro,q382,1,1,q251,1,-546,-2502,-2436,3006,1134,853824330466667409500247/500000000000000000000000,211785590402937582477/122070312500000000000,positive
q254,N,B,R,B B B,R Ro R,B,R,q382,1,1,q252,1,18660,84262,80172,-100300,-37722,759329023428288193609/122070312500000000000,3564392198142303259835699/500000000000000000000000,positive
q255,N,B,R,B B B,R R Ro,Bo,Ro,q375,1,1,q253,1,0,0,0,0,0,0,0,zero
q255,N,B,R,B B B,R R Ro,Bo,R,q375,1,1,q254,1,9622,43444,41372,-51742,-19452,41857637420204477193/15258789062500000000,802934793196805150447617/250000000000000000000000,positive
q255,N,B,R,B B B,R R Ro,B,Ro,q383,1,1,q253,1,-546,-2502,-2436,3006,1134,853824330466667409500247/500000000000000000000000,211785590402937582477/122070312500000000000,positive
q255,N,B,R,B B B,R R Ro,B,R,q383,1,1,q254,1,9076,40942,38936,-48736,-18318,546646689764573400021/122070312500000000000,2459693916860277710395481/500000000000000000000000,positive
q256,N,B,R,B B B,R R R,Bo,Ro,q376,1,1,q255,1,0,0,0,0,0,0,0,zero
q256,N,B,R,B B B,R R R,Bo,R,q376,1,1,q256,1,8915,40259,38304,-47923,-18021,696599478398138948899/244140625000000000000,3287262569247562262910139/1000000000000000000000000,positive
q256,N,B,R,B B B,R R R,B,Ro,q384,1,1,q255,1,-546,-2502,-2436,3006,1134,853824330466667409500247/500000000000000000000000,211785590402937582477/122070312500000000000,positive
q256,N,B,R,B B B,R R R,B,R,q384,1,1,q256,1,8369,37757,35868,-44917,-16887,1120170659204014113853/244140625000000000000,4994911230180897081910633/1000000000000000000000000,positive
q257,B,B,Ro,Bo Bo Bo,Ro Ro Ro,Bo,Ro,q001,0,1,q129,0,-3192,-13944,-16416,18360,7128,384205810816273278357531/125000000000000000000000,98994788824979509071/30517578125000000000,positive
q257,B,B,Ro,Bo Bo Bo,Ro Ro Ro,Bo,R,q001,0,1,q130,0,-1596,-6972,-8208,9180,3564,384205810816273278357531/250000000000000000000000,98994788824979509071/61035156250000000000,positive
q257,B,B,Ro,Bo Bo Bo,Ro Ro Ro,B,Ro,q009,0,1,q129,0,-1596,-6972,-8208,9180,3564,384205810816273278357531/250000000000000000000000,98994788824979509071/61035156250000000000,positive
q257,B,B,Ro,Bo Bo Bo,Ro Ro Ro,B,R,q009,0,1,q130,0,0,0,0,0,0,0,0,zero
q258,B,B,Ro,Bo Bo Bo,Ro Ro R,Bo,Ro,q002,0,1,q131,0,-180,-684,-960,996,396,203047867276943673373059/250000000000000000000000,50144761124361674619/61035156250000000000,positive
q258,B,B,Ro,Bo Bo Bo,Ro Ro R,Bo,R,q002,0,1,q132,0,-180,-684,-960,996,396,203047867276943673373059/250000000000000000000000,50144761124361674619/61035156250000000000,positive
q258,B,B,Ro,Bo Bo Bo,Ro Ro R,B,Ro,q010,0,1,q131,0,0,0,0,0,0,0,0,zero
q258,B,B,Ro,Bo Bo Bo,Ro Ro R,B,R,q010,0,1,q132,0,0,0,0,0,0,0,0,zero
q259,B,B,Ro,Bo Bo Bo,Ro R Ro,Bo,Ro,q003,0,1,q133,0,-1400,-6464,-6684,7972,3036,607525821180670723860119/250000000000000000000000,19096568208528835963/7629394531250000000,positive
q259,B,B,Ro,Bo Bo Bo,Ro R Ro,Bo,R,q003,0,1,q134,0,0,0,0,0,0,0,0,zero
q259,B,B,Ro,Bo Bo Bo,Ro R Ro,B,Ro,q011,0,1,q133,0,-1400,-6464,-6684,7972,3036,607525821180670723860119/250000000000000000000000,19096568208528835963/7629394531250000000,positive
q259,B,B,Ro,Bo Bo Bo,Ro R Ro,B,R,q011,0,1,q134,0,0,0,0,0,0,0,0,zero
q260,B,B,Ro,Bo Bo Bo,Ro R R,Bo,Ro,q004,0,1,q135,0,0,0,0,0,0,0,0,zero
q260,B,B,Ro,Bo Bo Bo,Ro R R,Bo,R,q004,0,1,q136,0,0,0,0,0,0,0,0,zero
q260,B,B,Ro,Bo Bo Bo,Ro R R,B,Ro,q012,0,1,q135,0,6078,27396,26232,-32706,-12312,22370310602997826683/15258789062500000000,220307397894866639177901/125000000000000000000000,positive
q260,B,B,Ro,Bo Bo Bo,Ro R R,B,R,q012,0,1,q136,0,6078,27396,26232,-32706,-12312,22370310602997826683/15258789062500000000,220307397894866639177901/125000000000000000000000,positive
q261,B,B,Ro,Bo Bo Bo,R Ro Ro,Bo,Ro,q005,0,0,,,-1144,-5308,-5412,6500,2472,73028598726730951391669/125000000000000000000000,39283129341476320633/61035156250000000000,positive
q261,B,B,Ro,Bo Bo Bo,R Ro Ro,Bo,R,q005,0,0,,,-1144,-5308,-5412,6500,2472,73028598726730951391669/125000000000000000000000,39283129341476320633/61035156250000000000,positive
q261,B,B,Ro,Bo Bo Bo,R Ro Ro,B,Ro,q013,0,0,,,0,0,0,0,0,0,0,zero
q261,B,B,Ro,Bo Bo Bo,R Ro Ro,B,R,q013,0,0,,,0,0,0,0,0,0,0,zero
q262,B,B,Ro,Bo Bo Bo,R Ro R,Bo,Ro,q006,0,0,,,0,0,0,0,0,0,0,zero
q262,B,B,Ro,Bo Bo Bo,R Ro R,Bo,R,q006,0,0,,,0,0,0,0,0,0,0,zero
q262,B,B,Ro,Bo Bo Bo,R Ro R,B,Ro,q014,0,0,,,-16,-24,-64,56,24,73368873661040917193123/125000000000000000000000,17929014592214895443/30517578125000000000,positive
q262,B,B,Ro,Bo Bo Bo,R Ro R,B,R,q014,0,0,,,-16,-24,-64,56,24,73368873661040917193123/125000000000000000000000,17929014592214895443/30517578125000000000,positive
q263,B,B,Ro,Bo Bo Bo,R R Ro,Bo,Ro,q007,0,0,,,0,0,0,0,0,0,0,zero
q263,B,B,Ro,Bo Bo Bo,R R Ro,Bo,R,q007,0,0,,,0,0,0,0,0,0,0,zero
q263,B,B,Ro,Bo Bo Bo,R R Ro,B,Ro,q015,0,0,,,686,3130,3020,-3746,-1410,50345790334397107929/24414062500000000000,209613883715973596723219/100000000000000000000000,positive
q263,B,B,Ro,Bo Bo Bo,R R Ro,B,R,q015,0,0,,,686,3130,3020,-3746,-1410,50345790334397107929/24414062500000000000,209613883715973596723219/100000000000000000000000,positive
q264,B,B,Ro,Bo Bo Bo,R R R,Bo,Ro,q008,0,0,,,0,0,0,0,0,0,0,zero
q264,B,B,Ro,Bo Bo Bo,R R R,Bo,R,q008,0,0,,,0,0,0,0,0,0,0,zero
q264,B,B,Ro,Bo Bo Bo,R R R,B,Ro,q016,0,0,,,-3726,-16824,-16092,20070,7560,95386478870030528416749/25000000000000000000000,48796065358226341443/12207031250000000000,positive
q264,B,B,Ro,Bo Bo Bo,R R R,B,R,q016,0,0,,,-3726,-16824,-16092,20070,7560,95386478870030528416749/25000000000000000000000,48796065358226341443/12207031250000000000,positive
q265,B,B,Ro,Bo Bo B,Ro Ro Ro,Bo,Ro,q017,0,1,q137,0,-180,-684,-960,996,396,203047867276943673373059/250000000000000000000000,50144761124361674619/61035156250000000000,positive
q265,B,B,Ro,Bo Bo B,Ro Ro Ro,Bo,R,q017,0,1,q138,0,0,0,0,0,0,0,0,zero
q265,B,B,Ro,Bo Bo B,Ro Ro Ro,B,Ro,q025,0,1,q137,0,-180,-684,-960,996,396,203047867276943673373059/250000000000000000000000,50144761124361674619/61035156250000000000,positive
q265,B,B,Ro,Bo Bo B,Ro Ro Ro,B,R,q025,0,1,q138,0,0,0,0,0,0,0,0,zero
q266,B,B,Ro,Bo Bo B,Ro Ro R,Bo,Ro,q018,0,1,q139,0,0,0,0,0,0,0,0,zero
q266,B,B,Ro,Bo Bo B,Ro Ro R,Bo,R,q018,0,1,q140,0,6078,27396,26232,-32706,-12312,22370310602997826683/15258789062500000000,220307397894866639177901/125000000000000000000000,positive
q266,B,B,Ro,Bo Bo B,Ro Ro R,B,Ro,q026,0,1,q139,0,38295,172959,164850,-206049,-77499,112031108523961677231/244140625000000000000,2325191304796624344053541/1000000000000000000000000,positive
q266,B,B,Ro,Bo Bo B,Ro Ro R,B,R,q026,0,1,q140,0,44373,200355,191082,-238755,-89811,469956078171926904159/244140625000000000000,4087650487955557457476749/1000000000000000000000000,positive
q267,B,B,Ro,Bo Bo B,Ro R Ro,Bo,Ro,q019,0,1,q141,0,-240,-1132,-1208,1416,540,62946175281025397338107/50000000000000000000000,15526277428464915237/12207031250000000000,positive
q267,B,B,Ro,Bo Bo B,Ro R Ro,Bo,R,q019,0,1,q142,0,0,0,0,0,0,0,0,zero
q267,B,B,Ro,Bo Bo B,Ro R Ro,B,Ro,q027,0,1,q141,0,8024,36168,34300,-42996,-16164,90180666636223036327/30517578125000000000,836070279438368100863319/250000000000000000000000,positive
q267,B,B,Ro,Bo Bo B,Ro R Ro,B,R,q027,0,1,q142,0,8264,37300,35508,-44412,-16704,102729946130121496469/61035156250000000000,32583712689577569635799/15625000000000000000000,positive
q268,B,B,Ro,Bo Bo B,Ro R R,Bo,Ro,q020,0,1,q143,0,0,0,0,0,0,0,0,zero
q268,B,B,Ro,Bo Bo B,Ro R R,Bo,R,q020,0,1,q144,0,-4412,-19954,-19112,23816,8970,171932031764148516943777/100000000000000000000000,47246340382055574957/24414062500000000000,positive
q268,B,B,Ro,Bo Bo B,Ro R R,B,Ro,q028,0,1,q143,0,-30689,-138705,-132136,165201,62127,2862011702957540298384207/1000000000000000000000000,1064024255735922979087/244140625000000000000,positive
q268,B,B,Ro,Bo Bo B,Ro R R,B,R,q028,0,1,q144,0,-35101,-158659,-151248,189017,71097,4581332020599025467821977/1000000000000000000000000,1536487659556478728657/244140625000000000000,positive
q269,B,B,Ro,Bo Bo B,R Ro Ro,Bo,Ro,q021,0,0,,,0,0,0,0,0,0,0,zero
q269,B,B,Ro,Bo Bo B,R Ro Ro,Bo,R,q021,0,0,,,0,0,0,0,0,0,0,zero
q269,B,B,Ro,Bo Bo B,R Ro Ro,B,Ro,q029,0,0,,,1380,6234,5940,-7428,-2790,32379364901236305051/24414062500000000000,139350743346368330439561/100000000000000000000000,positive
q269,B,B,Ro,Bo Bo B,R Ro Ro,B,R,q029,0,0,,,1380,6234,5940,-7428,-2790,32379364901236305051/24414062500000000000,139350743346368330439561/100000000000000000000000,positive
q270,B,B,Ro,Bo Bo B,R Ro R,Bo,Ro,q022,0,0,,,0,0,0,0,0,0,0,zero
q270,B,B,Ro,Bo Bo B,R Ro R,Bo,R,q022,0,0,,,0,0,0,0,0,0,0,zero
q270,B,B,Ro,Bo Bo B,R Ro R,B,Ro,q030,0,0,,,16997,76747,73042,-91387,-34347,736415920781167479343/244140625000000000000,3843817962767858107934773/1000000000000000000000000,positive
q270,B,B,Ro,Bo Bo B,R Ro R,B,R,q030,0,0,,,16997,76747,73042,-91387,-34347,736415920781167479343/244140625000000000000,3843817962767858107934773/1000000000000000000000000,positive
q271,B,B,Ro,Bo Bo B,R R Ro,Bo,Ro,q023,0,0,,,0,0,0,0,0,0,0,zero
q271,B,B,Ro,Bo Bo B,R R Ro,Bo,R,q023,0,0,,,0,0,0,0,0,0,0,zero
q271,B,B,Ro,Bo Bo B,R R Ro,B,Ro,q031,0,0,,,-6174,-27918,-26632,33262,12522,1628004449341053456047701/500000000000000000000000,434252969160281352041/122070312500000000000,positive
q271,B,B,Ro,Bo Bo B,R R Ro,B,R,q031,0,0,,,-6174,-27918,-26632,33262,12522,1628004449341053456047701/500000000000000000000000,434252969160281352041/122070312500000000000,positive
q272,B,B,Ro,Bo Bo B,R R R,Bo,Ro,q024,0,0,,,0,0,0,0,0,0,0,zero
q272,B,B,Ro,Bo Bo B,R R R,Bo,R,q024,0,0,,,0,0,0,0,0,0,0,zero
q272,B,B,Ro,Bo Bo B,R R R,B,Ro,q032,0,0,,,19369,87491,83286,-104187,-39159,1048961481958058751271/244140625000000000000,5239934848266402806165481/1000000000000000000000000,positive
q272,B,B,Ro,Bo Bo B,R R R,B,R,q032,0,0,,,19369,87491,83286,-104187,-39159,1048961481958058751271/244140625000000000000,5239934848266402806165481/1000000000000000000000000,positive
q273,B,B,Ro,Bo B Bo,Ro Ro Ro,Bo,Ro,q033,0,1,q145,0,-1400,-6464,-6684,7972,3036,607525821180670723860119/250000000000000000000000,19096568208528835963/7629394531250000000,positive
q273,B,B,Ro,Bo B Bo,Ro Ro Ro,Bo,R,q033,0,1,q146,0,-1400,-6464,-6684,7972,3036,607525821180670723860119/250000000000000000000000,19096568208528835963/7629394531250000000,positive
q273,B,B,Ro,Bo B Bo,Ro Ro Ro,B,Ro,q041,0,1,q145,0,0,0,0,0,0,0,0,zero
q273,B,B,Ro,Bo B Bo,Ro Ro Ro,B,R,q041,0,1,q146,0,0,0,0,0,0,0,0,zero
q274,B,B,Ro,Bo B Bo,Ro Ro R,Bo,Ro,q034,0,1,q147,0,-240,-1132,-1208,1416,540,62946175281025397338107/50000000000000000000000,15526277428464915237/12207031250000000000,positive
q274,B,B,Ro,Bo B Bo,Ro Ro R,Bo,R,q034,0,1,q148,0,1032,4564,4192,-5360,-2004,200214954016522836019/61035156250000000000,832159425651529471748459/250000000000000000000000,positive
q274,B,B,Ro,Bo B Bo,Ro Ro R,B,Ro,q042,0,1,q147,0,0,0,0,0,0,0,0,zero
q274,B,B,Ro,Bo B Bo,Ro Ro R,B,R,q042,0,1,q148,0,1272,5696,5400,-6776,-2544,61291783437099129917/30517578125000000000,129357137311600621264481/62500000000000000000000,positive
q275,B,B,Ro,Bo B Bo,Ro R Ro,Bo,Ro,q035,0,1,q149,0,-72,-344,-384,440,168,91055127781484222351861/125000000000000000000000,22353842474677643101/30517578125000000000,positive
q275,B,B,Ro,Bo B Bo,Ro R Ro,Bo,R,q035,0,1,q150,0,-36,-172,-192,220,84,91055127781484222351861/250000000000000000000000,22353842474677643101/61035156250000000000,positive
q275,B,B,Ro,Bo B Bo,Ro R Ro,B,Ro,q043,0,1,q149,0,-36,-172,-192,220,84,91055127781484222351861/250000000000000000000000,22353842474677643101/61035156250000000000,positive
q275,B,B,Ro,Bo B Bo,Ro R Ro,B,R,q043,0,1,q150,0,0,0,0,0,0,0,0,zero
q276,B,B,Ro,Bo B Bo,Ro R R,Bo,Ro,q036,0,1,q151,0,0,0,0,0,0,0,0,zero
q276,B,B,Ro,Bo B Bo,Ro R R,Bo,R,q036,0,1,q152,0,-944,-4260,-4072,5088,1908,538304612783747586706557/250000000000000000000000,134232199387704219187/61035156250000000000,positive
q276,B,B,Ro,Bo B Bo,Ro R R,B,Ro,q044,0,1,q151,0,2586,11676,11132,-13898,-5244,26469575075402465821/15258789062500000000,465184078062921398105249/250000000000000000000000,positive
q276,B,B,Ro,Bo B Bo,Ro R R,B,R,q044,0,1,q152,0,1642,7416,7060,-8810,-3336,240110499689314082471/61035156250000000000,501744345423334492405903/125000000000000000000000,positive
q277,B,B,Ro,Bo B Bo,R Ro Ro,Bo,Ro,q037,0,0,,,-624,-2856,-2784,3432,1296,37093200711445422714321/62500000000000000000000,9531749234492145711/15258789062500000000,positive
q277,B,B,Ro,Bo B Bo,R Ro Ro,Bo,R,q037,0,0,,,-624,-2856,-2784,3432,1296,37093200711445422714321/62500000000000000000000,9531749234492145711/15258789062500000000,positive
q277,B,B,Ro,Bo B Bo,R Ro Ro,B,Ro,q045,0,0,,,0,0,0,0,0,0,0,zero
q277,B,B,Ro,Bo B Bo,R Ro Ro,B,R,q045,0,0,,,0,0,0,0,0,0,0,zero
q278,B,B,Ro,Bo B Bo,R Ro R,Bo,Ro,q038,0,0,,,0,0,0,0,0,0,0,zero
q278,B,B,Ro,Bo B Bo,R Ro R,Bo,R,q038,0,0,,,0,0,0,0,0,0,0,zero
q278,B,B,Ro,Bo B Bo,R Ro R,B,Ro,q046,0,0,,,-8,-40,-56,56,24,98467037437040917193123/125000000000000000000000,6014104656903821517/7629394531250000000,positive
q278,B,B,Ro,Bo B Bo,R Ro R,B,R,q046,0,0,,,-8,-40,-56,56,24,98467037437040917193123/125000000000000000000000,6014104656903821517/7629394531250000000,positive
q279,B,B,Ro,Bo B Bo,R R Ro,Bo,Ro,q039,0,0,,,0,0,0,0,0,0,0,zero
q279,B,B,Ro,Bo B Bo,R R Ro,Bo,R,q039,0,0,,,0,0,0,0,0,0,0,zero
q279,B,B,Ro,Bo B Bo,R R Ro,B,Ro,q047,0,0,,,262,1174,1092,-1394,-510,47385020646067458719/24414062500000000000,195337771948431880916909/100000000000000000000000,positive
q279,B,B,Ro,Bo B Bo,R R Ro,B,R,q047,0,0,,,262,1174,1092,-1394,-510,47385020646067458719/24414062500000000000,195337771948431880916909/100000000000000000000000,positive
q280,B,B,Ro,Bo B Bo,R R R,Bo,Ro,q040,0,0,,,0,0,0,0,0,0,0,zero
q280,B,B,Ro,Bo B Bo,R R R,Bo,R,q040,0,0,,,0,0,0,0,0,0,0,zero
q280,B,B,Ro,Bo B Bo,R R R,B,Ro,q048,0,0,,,-974,-4406,-4224,5230,2010,347493657759121669939241/100000000000000000000000,86002992263614619681/24414062500000000000,positive
q280,B,B,Ro,Bo B Bo,R R R,B,R,q048,0,0,,,-974,-4406,-4224,5230,2010,347493657759121669939241/100000000000000000000000,86002992263614619681/24414062500000000000,positive
q281,B,B,Ro,Bo B B,Ro Ro Ro,Bo,Ro,q049,0,1,q153,0,0,0,0,0,0,0,0,zero
q281,B,B,Ro,Bo B B,Ro Ro Ro,Bo,R,q049,0,1,q154,0,38295,172959,164850,-206049,-77499,112031108523961677231/244140625000000000000,2325191304796624344053541/1000000000000000000000000,positive
q281,B,B,Ro,Bo B B,Ro Ro Ro,B,Ro,q057,0,1,q153,0,0,0,0,0,0,0,0,zero
q281,B,B,Ro,Bo B B,Ro Ro Ro,B,R,q057,0,1,q154,0,38295,172959,164850,-206049,-77499,112031108523961677231/244140625000000000000,2325191304796624344053541/1000000000000000000000000,positive
q282,B,B,Ro,Bo B B,Ro Ro R,Bo,Ro,q050,0,1,q155,0,0,0,0,0,0,0,0,zero
q282,B,B,Ro,Bo B B,Ro Ro R,Bo,R,q050,0,1,q156,0,-37681,-170309,-162244,202837,76287,2846368287810185781924767/1000000000000000000000000,1143438738712230032547/244140625000000000000,positive
q282,B,B,Ro,Bo B B,Ro Ro R,B,Ro,q058,0,1,q155,0,-29637,-133913,-127622,159523,59997,1172231611151148455266877/1000000000000000000000000,638942781968252245807/244140625000000000000,positive
q282,B,B,Ro,Bo B B,Ro Ro R,B,R,q058,0,1,q156,0,-67318,-304222,-289866,362360,136284,1004649974740333559297911/250000000000000000000000,891190760340241139177/122070312500000000000,positive
q283,B,B,Ro,Bo B B,Ro R Ro,Bo,Ro,q051,0,1,q157,0,0,0,0,0,0,0,0,zero
q283,B,B,Ro,Bo B B,Ro R Ro,Bo,R,q051,0,1,q158,0,15653,70685,67294,-84179,-31641,323206901870093856429/244140625000000000000,2086090018178237914131719/1000000000000000000000000,positive
q283,B,B,Ro,Bo B B,Ro R Ro,B,Ro,q059,0,1,q157,0,-6800,-30726,-29284,36600,13770,202507789243117240643457/100000000000000000000000,57534670397026102087/24414062500000000000,positive
q283,B,B,Ro,Bo B B,Ro R Ro,B,R,q059,0,1,q158,0,8853,39959,38010,-47579,-17871,898553605840354877299/244140625000000000000,4111167910609410320566289/1000000000000000000000000,positive
q284,B,B,Ro,Bo B B,Ro R R,Bo,Ro,q052,0,1,q159,0,0,0,0,0,0,0,0,zero
q284,B,B,Ro,Bo B B,Ro R R,Bo,R,q052,0,1,q160,0,24599,111149,105846,-132361,-49773,717384341188312923937/244140625000000000000,4137144400719286240896307/1000000000000000000000000,positive
q284,B,B,Ro,Bo B B,Ro R R,B,Ro,q060,0,1,q159,0,17356,78430,74694,-93398,-35124,379820860037413623553/122070312500000000000,989347183603433272228979/250000000000000000000000,positive
q284,B,B,Ro,Bo B B,Ro R R,B,R,q060,0,1,q160,0,41955,189579,180540,-225759,-84897,1477026061263140171043/244140625000000000000,8094533135133019329812223/1000000000000000000000000,positive
q285,B,B,Ro,Bo B B,R Ro Ro,Bo,Ro,q053,0,0,,,0,0,0,0,0,0,0,zero
q285,B,B,Ro,Bo B B,R Ro Ro,Bo,R,q053,0,0,,,0,0,0,0,0,0,0,zero
q285,B,B,Ro,Bo B B,R Ro Ro,B,Ro,q061,0,0,,,-1300,-5878,-5604,7004,2634,924050507310105490780997/500000000000000000000000,233342067106614318227/122070312500000000000,positive
q285,B,B,Ro,Bo B B,R Ro Ro,B,R,q061,0,0,,,-1300,-5878,-5604,7004,2634,924050507310105490780997/500000000000000000000000,233342067106614318227/122070312500000000000,positive
q286,B,B,Ro,Bo B B,R Ro R,Bo,Ro,q054,0,0,,,0,0,0,0,0,0,0,zero
q286,B,B,Ro,Bo B B,R Ro R,Bo,R,q054,0,0,,,0,0,0,0,0,0,0,zero
q286,B,B,Ro,Bo B B,R Ro R,B,Ro,q062,0,0,,,-9126,-41208,-39218,49076,18438,1575867177835529643466979/500000000000000000000000,219484058905154090357/61035156250000000000,positive
q286,B,B,Ro,Bo B B,R Ro R,B,R,q062,0,0,,,-9126,-41208,-39218,49076,18438,1575867177835529643466979/500000000000000000000000,219484058905154090357/61035156250000000000,positive
q287,B,B,Ro,Bo B B,R R Ro,Bo,Ro,q055,0,0,,,0,0,0,0,0,0,0,zero
q287,B,B,Ro,Bo B B,R R Ro,Bo,R,q055,0,0,,,0,0,0,0,0,0,0,zero
q287,B,B,Ro,Bo B B,R R Ro,B,Ro,q063,0,0,,,3076,13912,13266,-16574,-6234,88784295890155131337/30517578125000000000,1529709657367058498345203/500000000000000000000000,positive
q287,B,B,Ro,Bo B B,R R Ro,B,R,q063,0,0,,,3076,13912,13266,-16574,-6234,88784295890155131337/30517578125000000000,1529709657367058498345203/500000000000000000000000,positive
q288,B,B,Ro,Bo B B,R R R,Bo,Ro,q056,0,0,,,0,0,0,0,0,0,0,zero
q288,B,B,Ro,Bo B B,R R R,Bo,R,q056,0,0,,,0,0,0,0,0,0,0,zero
q288,B,B,Ro,Bo B B,R R R,B,Ro,q064,0,0,,,-6007,-27127,-25818,32297,12147,3478821699523025232955027/1000000000000000000000000,920732292238424367457/244140625000000000000,positive
q288,B,B,Ro,Bo B B,R R R,B,R,q064,0,0,,,-6007,-27127,-25818,32297,12147,3478821699523025232955027/1000000000000000000000000,920732292238424367457/244140625000000000000,positive
q289,B,B,Ro,B Bo Bo,Ro Ro Ro,Bo,Ro,q257,1,1,q161,0,2744,12704,13740,-15988,-6132,69008227795345425251/30517578125000000000,602073477246245174314147/250000000000000000000000,positive
q289,B,B,Ro,B Bo Bo,Ro Ro Ro,Bo,R,q257,1,1,q162,0,1188,5532,6096,-7020,-2700,4354752839081328513/2441406250000000000,18484126628154382861893/10000000000000000000000,positive
q289,B,B,Ro,B Bo Bo,Ro Ro Ro,B,Ro,q265,1,1,q161,0,1556,7172,7644,-8968,-3432,29147634613657637677/61035156250000000000,69985155771192801383411/125000000000000000000000,positive
q289,B,B,Ro,B Bo Bo,Ro Ro Ro,B,R,q265,1,1,q162,0,0,0,0,0,0,0,0,zero
q290,B,B,Ro,B Bo Bo,Ro Ro R,Bo,Ro,q258,1,1,q163,0,132,612,768,-828,-324,57429326428927698039/61035156250000000000,237165374689301829785679/250000000000000000000000,positive
q290,B,B,Ro,B Bo Bo,Ro Ro R,Bo,R,q258,1,1,q164,0,-236,-1028,-780,1120,408,279649114425387899283091/125000000000000000000000,137150512792303273187/61035156250000000000,positive
q290,B,B,Ro,B Bo Bo,Ro Ro R,B,Ro,q266,1,1,q163,0,0,0,0,0,0,0,0,zero
q290,B,B,Ro,B Bo Bo,Ro Ro R,B,R,q266,1,1,q164,0,-368,-1640,-1548,1948,732,322132854161473968780503/250000000000000000000000,19930296590843893787/15258789062500000000,positive
q291,B,B,Ro,B Bo Bo,Ro R Ro,Bo,Ro,q259,1,1,q165,0,888,4080,4056,-4944,-1872,15171536082499452321/30517578125000000000,33885134646217417468203/62500000000000000000000,positive
q291,B,B,Ro,B Bo Bo,Ro R Ro,Bo,R,q259,1,1,q166,0,0,0,0,0,0,0,0,zero
q291,B,B,Ro,B Bo Bo,Ro R Ro,B,Ro,q267,1,1,q165,0,888,4080,4056,-4944,-1872,15171536082499452321/30517578125000000000,33885134646217417468203/62500000000000000000000,positive
q291,B,B,Ro,B Bo Bo,Ro R Ro,B,R,q267,1,1,q166,0,0,0,0,0,0,0,0,zero
q292,B,B,Ro,B Bo Bo,Ro R R,Bo,Ro,q260,1,1,q167,0,0,0,0,0,0,0,0,zero
q292,B,B,Ro,B Bo Bo,Ro R R,Bo,R,q260,1,1,q168,0,244,1096,1044,-1304,-492,45598778196153244981/30517578125000000000,376501144255036682081957/250000000000000000000000,positive
q292,B,B,Ro,B Bo Bo,Ro R R,B,Ro,q268,1,1,q167,0,-4104,-18546,-17748,22128,8334,908221430849042728247847/500000000000000000000000,246217542227539864077/122070312500000000000,positive
q292,B,B,Ro,B Bo Bo,Ro R R,B,R,q268,1,1,q168,0,-3860,-17450,-16704,20824,7842,1661223719359116092411761/500000000000000000000000,428612655012152844001/122070312500000000000,positive
q293,B,B,Ro,B Bo Bo,R Ro Ro,Bo,Ro,q261,1,0,,,536,2468,2436,-2980,-1128,6207043196725343983/61035156250000000000,16102388837142827423219/125000000000000000000000,positive
q293,B,B,Ro,B Bo Bo,R Ro Ro,Bo,R,q261,1,0,,,536,2468,2436,-2980,-1128,6207043196725343983/61035156250000000000,16102388837142827423219/125000000000000000000000,positive
q293,B,B,Ro,B Bo Bo,R Ro Ro,B,Ro,q269,1,0,,,0,0,0,0,0,0,0,zero
q293,B,B,Ro,B Bo Bo,R Ro Ro,B,R,q269,1,0,,,0,0,0,0,0,0,0,zero
q294,B,B,Ro,B Bo Bo,R Ro R,Bo,Ro,q262,1,0,,,0,0,0,0,0,0,0,zero
q294,B,B,Ro,B Bo Bo,R Ro R,Bo,R,q262,1,0,,,0,0,0,0,0,0,0,zero
q294,B,B,Ro,B Bo Bo,R Ro R,B,Ro,q270,1,0,,,8,32,64,-56,-24,20748475642160104557/30517578125000000000,85055126338959082806877/125000000000000000000000,positive
q294,B,B,Ro,B Bo Bo,R Ro R,B,R,q270,1,0,,,8,32,64,-56,-24,20748475642160104557/30517578125000000000,85055126338959082806877/125000000000000000000000,positive
q295,B,B,Ro,B Bo Bo,R R Ro,Bo,Ro,q263,1,0,,,0,0,0,0,0,0,0,zero
q295,B,B,Ro,B Bo Bo,R R Ro,Bo,R,q263,1,0,,,0,0,0,0,0,0,0,zero
q295,B,B,Ro,B Bo Bo,R R Ro,B,Ro,q271,1,0,,,-434,-1962,-1848,2330,870,203813976128375608600567/100000000000000000000000,50272785437481655347/24414062500000000000,positive
q295,B,B,Ro,B Bo Bo,R R Ro,B,R,q271,1,0,,,-434,-1962,-1848,2330,870,203813976128375608600567/100000000000000000000000,50272785437481655347/24414062500000000000,positive
q296,B,B,Ro,B Bo Bo,R R R,Bo,Ro,q264,1,0,,,0,0,0,0,0,0,0,zero
q296,B,B,Ro,B Bo Bo,R R R,Bo,R,q264,1,0,,,0,0,0,0,0,0,0,zero
q296,B,B,Ro,B Bo Bo,R R R,B,Ro,q272,1,0,,,1534,6934,6644,-8266,-3126,386808857564968755447/122070312500000000000,1621890410459660180382917/500000000000000000000000,positive
q296,B,B,Ro,B Bo Bo,R R R,B,R,q272,1,0,,,1534,6934,6644,-8266,-3126,386808857564968755447/122070312500000000000,1621890410459660180382917/500000000000000000000000,positive
q297,B,B,Ro,B Bo B,Ro Ro Ro,Bo,Ro,q273,1,1,q169,0,0,0,0,0,0,0,0,zero
q297,B,B,Ro,B Bo B,Ro Ro Ro,Bo,R,q273,1,1,q170,0,72,112,72,-136,-48,15447913935407349739/30517578125000000000,31707627636409632306877/62500000000000000000000,positive
q297,B,B,Ro,B Bo B,Ro Ro Ro,B,Ro,q281,1,1,q169,0,0,0,0,0,0,0,0,zero
q297,B,B,Ro,B Bo B,Ro Ro Ro,B,R,q281,1,1,q170,0,72,112,72,-136,-48,15447913935407349739/30517578125000000000,31707627636409632306877/62500000000000000000000,positive
q298,B,B,Ro,B Bo B,Ro Ro R,Bo,Ro,q274,1,1,q171,0,0,0,0,0,0,0,0,zero
q298,B,B,Ro,B Bo B,Ro Ro R,Bo,R,q274,1,1,q172,0,-4164,-18750,-17776,22288,8382,1544335416722161273792831/500000000000000000000000,401666693700409558871/122070312500000000000,positive
q298,B,B,Ro,B Bo B,Ro Ro R,B,Ro,q282,1,1,q171,0,-25833,-116703,-111204,139017,52281,1277175862781426000554521/1000000000000000000000000,619207221114622697661/244140625000000000000,positive
q298,B,B,Ro,B Bo B,Ro Ro R,B,R,q282,1,1,q172,0,-29997,-135453,-128980,161305,60663,4365846696225748548140183/1000000000000000000000000,1422540608515441815403/244140625000000000000,positive
q299,B,B,Ro,B Bo B,Ro R Ro,Bo,Ro,q275,1,1,q173,0,0,0,0,0,0,0,0,zero
q299,B,B,Ro,B Bo B,Ro R Ro,Bo,R,q275,1,1,q174,0,8,32,64,-56,-24,20748475642160104557/30517578125000000000,85055126338959082806877/125000000000000000000000,positive
q299,B,B,Ro,B Bo B,Ro R Ro,B,Ro,q283,1,1,q173,0,-5568,-25144,-23948,29940,11268,527634821939487148342497/250000000000000000000000,72685757304867762051/30517578125000000000,positive
q299,B,B,Ro,B Bo B,Ro R Ro,B,R,q283,1,1,q174,0,-5560,-25112,-23884,29884,11244,697745074617405313956251/250000000000000000000000,5839639559189241663/1907348632812500000,positive
q300,B,B,Ro,B Bo B,Ro R R,Bo,Ro,q276,1,1,q175,0,0,0,0,0,0,0,0,zero
q300,B,B,Ro,B Bo B,Ro R R,Bo,R,q276,1,1,q176,0,2080,9376,8904,-11144,-4200,847449406496891881/305175781250000000,14389538044492041408139/5000000000000000000000,positive
q300,B,B,Ro,B Bo B,Ro R R,B,Ro,q284,1,1,q175,0,20709,93565,89094,-111427,-41889,840264761111192648141/244140625000000000000,4450765956248486870423551/1000000000000000000000000,positive
q300,B,B,Ro,B Bo B,Ro R R,B,R,q284,1,1,q176,0,22789,102941,97998,-122571,-46089,1518224286308706152941/244140625000000000000,7328673565146895152051351/1000000000000000000000000,positive
q301,B,B,Ro,B Bo B,R Ro Ro,Bo,Ro,q277,1,0,,,0,0,0,0,0,0,0,zero
q301,B,B,Ro,B Bo B,R Ro Ro,Bo,R,q277,1,0,,,0,0,0,0,0,0,0,zero
q301,B,B,Ro,B Bo B,R Ro Ro,B,Ro,q285,1,0,,,-930,-4200,-3996,5010,1872,97704774601793571406797/62500000000000000000000,98177755609612642233/61035156250000000000,positive
q301,B,B,Ro,B Bo B,R Ro Ro,B,R,q285,1,0,,,-930,-4200,-3996,5010,1872,97704774601793571406797/62500000000000000000000,98177755609612642233/61035156250000000000,positive
q302,B,B,Ro,B Bo B,R Ro R,Bo,Ro,q278,1,0,,,0,0,0,0,0,0,0,zero
q302,B,B,Ro,B Bo B,R Ro R,Bo,R,q278,1,0,,,0,0,0,0,0,0,0,zero
q302,B,B,Ro,B Bo B,R Ro R,B,Ro,q286,1,0,,,-3683,-16623,-15808,19803,7425,103991560345918491159177/40000000000000000000000,27137990171437553857/9765625000000000000,positive
q302,B,B,Ro,B Bo B,R Ro R,B,R,q286,1,0,,,-3683,-16623,-15808,19803,7425,103991560345918491159177/40000000000000000000000,27137990171437553857/9765625000000000000,positive
q303,B,B,Ro,B Bo B,R R Ro,Bo,Ro,q279,1,0,,,0,0,0,0,0,0,0,zero
q303,B,B,Ro,B Bo B,R R Ro,Bo,R,q279,1,0,,,0,0,0,0,0,0,0,zero
q303,B,B,Ro,B Bo B,R R Ro,B,Ro,q287,1,0,,,2310,10452,9978,-12444,-4698,21165557246978934141/7629394531250000000,1443545918649533290784691/500000000000000000000000,positive
q303,B,B,Ro,B Bo B,R R Ro,B,R,q287,1,0,,,2310,10452,9978,-12444,-4698,21165557246978934141/7629394531250000000,1443545918649533290784691/500000000000000000000000,positive
q304,B,B,Ro,B Bo B,R R R,Bo,Ro,q280,1,0,,,0,0,0,0,0,0,0,zero
q304,B,B,Ro,B Bo B,R R R,Bo,R,q280,1,0,,,0,0,0,0,0,0,0,zero
q304,B,B,Ro,B Bo B,R R R,B,Ro,q288,1,0,,,-4413,-19923,-18948,23733,8901,3426813073218115499995941/1000000000000000000000000,889045092089218591881/244140625000000000000,positive
q304,B,B,Ro,B Bo B,R R R,B,R,q288,1,0,,,-4413,-19923,-18948,23733,8901,3426813073218115499995941/1000000000000000000000000,889045092089218591881/244140625000000000000,positive
q305,B,B,Ro,B B Bo,Ro Ro Ro,Bo,Ro,q289,1,1,q177,0,-1400,-6464,-6684,7972,3036,607525821180670723860119/250000000000000000000000,19096568208528835963/7629394531250000000,positive
q305,B,B,Ro,B B Bo,Ro Ro Ro,Bo,R,q289,1,1,q178,0,-7560,-34392,-33430,41302,15582,2024077193892756374540431/500000000000000000000000,134984284338671948399/30517578125000000000,positive
q305,B,B,Ro,B B Bo,Ro Ro Ro,B,Ro,q297,1,1,q177,0,0,0,0,0,0,0,0,zero
q305,B,B,Ro,B B Bo,Ro Ro Ro,B,R,q297,1,1,q178,0,-6160,-27928,-26746,33330,12546,809025551531414926820193/500000000000000000000000,58598011504556604547/30517578125000000000,positive
q306,B,B,Ro,B B Bo,Ro Ro R,Bo,Ro,q290,1,1,q179,0,-240,-1132,-1208,1416,540,62946175281025397338107/50000000000000000000000,15526277428464915237/12207031250000000000,positive
q306,B,B,Ro,B B Bo,Ro Ro R,Bo,R,q290,1,1,q180,0,7068,31948,30434,-38046,-14310,50787534752618338407/12207031250000000000,450512259320933063680329/100000000000000000000000,positive
q306,B,B,Ro,B B Bo,Ro Ro R,B,Ro,q298,1,1,q179,0,0,0,0,0,0,0,0,zero
q306,B,B,Ro,B B Bo,Ro Ro R,B,R,q298,1,1,q180,0,7308,33080,31642,-39462,-14850,3526125732415342317/1220703125000000000,64923981751776453800823/20000000000000000000000,positive
q307,B,B,Ro,B B Bo,Ro R Ro,Bo,Ro,q291,1,1,q181,0,-36,-172,-192,220,84,91055127781484222351861/250000000000000000000000,22353842474677643101/61035156250000000000,positive
q307,B,B,Ro,B B Bo,Ro R Ro,Bo,R,q291,1,1,q182,0,-2040,-9200,-8718,10934,4110,208039733736636420257851/100000000000000000000000,6650911674602106727/3051757812500000000,positive
q307,B,B,Ro,B B Bo,Ro R Ro,B,Ro,q299,1,1,q181,0,0,0,0,0,0,0,0,zero
q307,B,B,Ro,B B Bo,Ro R Ro,B,R,q299,1,1,q182,0,-2004,-9028,-8526,10714,4026,858088413120213656585533/500000000000000000000000,110664391017364491439/61035156250000000000,positive
q308,B,B,Ro,B B Bo,Ro R R,Bo,Ro,q292,1,1,q183,0,0,0,0,0,0,0,0,zero
q308,B,B,Ro,B B Bo,Ro R R,Bo,R,q292,1,1,q184,0,-4544,-20570,-19650,24526,9228,623836663480641121011587/250000000000000000000000,331733585303654925709/122070312500000000000,positive
q308,B,B,Ro,B B Bo,Ro R R,B,Ro,q300,1,1,q183,0,2586,11676,11132,-13898,-5244,26469575075402465821/15258789062500000000,465184078062921398105249/250000000000000000000000,positive
q308,B,B,Ro,B B Bo,Ro R R,B,R,q300,1,1,q184,0,-1958,-8894,-8518,10628,3984,272255185385890629779209/62500000000000000000000,543490185906874652277/122070312500000000000,positive
q309,B,B,Ro,B B Bo,R Ro Ro,Bo,Ro,q293,1,0,,,0,0,0,0,0,0,0,zero
q309,B,B,Ro,B B Bo,R Ro Ro,Bo,R,q293,1,0,,,0,0,0,0,0,0,0,zero
q309,B,B,Ro,B B Bo,R Ro Ro,B,Ro,q301,1,0,,,172,784,756,-944,-348,16471472103482430139/30517578125000000000,137059260757725490399433/250000000000000000000000,positive
q309,B,B,Ro,B B Bo,R Ro Ro,B,R,q301,1,0,,,172,784,756,-944,-348,16471472103482430139/30517578125000000000,137059260757725490399433/250000000000000000000000,positive
q310,B,B,Ro,B B Bo,R Ro R,Bo,Ro,q294,1,0,,,0,0,0,0,0,0,0,zero
q310,B,B,Ro,B B Bo,R Ro R,Bo,R,q294,1,0,,,0,0,0,0,0,0,0,zero
q310,B,B,Ro,B B Bo,R Ro R,B,Ro,q302,1,0,,,-76,-352,-360,428,168,126661693622934771851861/125000000000000000000000,7760981159924688119/7629394531250000000,positive
q310,B,B,Ro,B B Bo,R Ro R,B,R,q302,1,0,,,-76,-352,-360,428,168,126661693622934771851861/125000000000000000000000,7760981159924688119/7629394531250000000,positive
q311,B,B,Ro,B B Bo,R R Ro,Bo,Ro,q295,1,0,,,0,0,0,0,0,0,0,zero
q311,B,B,Ro,B B Bo,R R Ro,Bo,R,q295,1,0,,,0,0,0,0,0,0,0,zero
q311,B,B,Ro,B B Bo,R R Ro,B,Ro,q303,1,0,,,262,1174,1092,-1394,-510,47385020646067458719/24414062500000000000,195337771948431880916909/100000000000000000000000,positive
q311,B,B,Ro,B B Bo,R R Ro,B,R,q303,1,0,,,262,1174,1092,-1394,-510,47385020646067458719/24414062500000000000,195337771948431880916909/100000000000000000000000,positive
q312,B,B,Ro,B B Bo,R R R,Bo,Ro,q296,1,0,,,0,0,0,0,0,0,0,zero
q312,B,B,Ro,B B Bo,R R R,Bo,R,q296,1,0,,,0,0,0,0,0,0,0,zero
q312,B,B,Ro,B B Bo,R R R,B,Ro,q304,1,0,,,-442,-2008,-1944,2390,924,610009656755579193370471/250000000000000000000000,150263544033620167861/61035156250000000000,positive
q312,B,B,Ro,B B Bo,R R R,B,R,q304,1,0,,,-442,-2008,-1944,2390,924,610009656755579193370471/250000000000000000000000,150263544033620167861/61035156250000000000,positive
q313,B,B,Ro,B B B,Ro Ro Ro,Bo,Ro,q305,1,1,q185,0,0,0,0,0,0,0,0,zero
q313,B,B,Ro,B B B,Ro Ro Ro,Bo,R,q305,1,1,q186,0,37749,170457,162414,-203043,-76365,107120457865967368437/48828125000000000000,806567993145991832610807/200000000000000000000000,positive
q313,B,B,Ro,B B B,Ro Ro Ro,B,Ro,q313,1,1,q185,0,0,0,0,0,0,0,0,zero
q313,B,B,Ro,B B B,Ro Ro Ro,B,R,q313,1,1,q186,0,37749,170457,162414,-203043,-76365,107120457865967368437/48828125000000000000,806567993145991832610807/200000000000000000000000,positive
q314,B,B,Ro,B B B,Ro Ro R,Bo,Ro,q306,1,1,q187,0,0,0,0,0,0,0,0,zero
q314,B,B,Ro,B B B,Ro Ro R,Bo,R,q306,1,1,q188,0,-28472,-128658,-122512,153204,57618,1885457424624191232560169/500000000000000000000000,629695620699283064129/122070312500000000000,positive
q314,B,B,Ro,B B B,Ro Ro R,B,Ro,q314,1,1,q187,0,-29637,-133913,-127622,159523,59997,1172231611151148455266877/1000000000000000000000000,638942781968252245807/244140625000000000000,positive
q314,B,B,Ro,B B B,Ro Ro R,B,R,q314,1,1,q188,0,-58109,-262571,-250134,312727,117615,988629292079906184077443/200000000000000000000000,379666804673363674813/48828125000000000000,positive
q315,B,B,Ro,B B B,Ro R Ro,Bo,Ro,q307,1,1,q189,0,0,0,0,0,0,0,0,zero
q315,B,B,Ro,B B B,Ro R Ro,Bo,R,q307,1,1,q190,0,9622,43444,41372,-51742,-19452,41857637420204477193/15258789062500000000,802934793196805150447617/250000000000000000000000,positive
q315,B,B,Ro,B B B,Ro R Ro,B,Ro,q315,1,1,q189,0,-6800,-30726,-29284,36600,13770,202507789243117240643457/100000000000000000000000,57534670397026102087/24414062500000000000,positive
q315,B,B,Ro,B B B,Ro R Ro,B,R,q315,1,1,q190,0,2822,12718,12088,-15142,-5682,622534451346766327979/122070312500000000000,2618408532609196504112519/500000000000000000000000,positive
q316,B,B,Ro,B B B,Ro R R,Bo,Ro,q308,1,1,q191,0,0,0,0,0,0,0,0,zero
q316,B,B,Ro,B B B,Ro R R,Bo,R,q308,1,1,q192,0,8915,40259,38304,-47923,-18021,696599478398138948899/244140625000000000000,3287262569247562262910139/1000000000000000000000000,positive
q316,B,B,Ro,B B B,Ro R R,B,Ro,q316,1,1,q191,0,17356,78430,74694,-93398,-35124,379820860037413623553/122070312500000000000,989347183603433272228979/250000000000000000000000,positive
q316,B,B,Ro,B B B,Ro R R,B,R,q316,1,1,q192,0,26271,118689,112998,-141321,-53145,291248239694593239201/48828125000000000000,1448930260732259070365211/200000000000000000000000,positive
q317,B,B,Ro,B B B,R Ro Ro,Bo,Ro,q309,1,0,,,0,0,0,0,0,0,0,zero
q317,B,B,Ro,B B B,R Ro Ro,Bo,R,q309,1,0,,,0,0,0,0,0,0,0,zero
q317,B,B,Ro,B B B,R Ro Ro,B,Ro,q317,1,0,,,-1300,-5878,-5604,7004,2634,924050507310105490780997/500000000000000000000000,233342067106614318227/122070312500000000000,positive
q317,B,B,Ro,B B B,R Ro Ro,B,R,q317,1,0,,,-1300,-5878,-5604,7004,2634,924050507310105490780997/500000000000000000000000,233342067106614318227/122070312500000000000,positive
q318,B,B,Ro,B B B,R Ro R,Bo,Ro,q310,1,0,,,0,0,0,0,0,0,0,zero
q318,B,B,Ro,B B B,R Ro R,Bo,R,q310,1,0,,,0,0,0,0,0,0,0,zero
q318,B,B,Ro,B B B,R Ro R,B,Ro,q318,1,0,,,378,1722,1656,-2058,-774,241743111354723550353/122070312500000000000,999508146551567840087133/500000000000000000000000,positive
q318,B,B,Ro,B B B,R Ro R,B,R,q318,1,0,,,378,1722,1656,-2058,-774,241743111354723550353/122070312500000000000,999508146551567840087133/500000000000000000000000,positive
q319,B,B,Ro,B B B,R R Ro,Bo,Ro,q311,1,0,,,0,0,0,0,0,0,0,zero
q319,B,B,Ro,B B B,R R Ro,Bo,R,q311,1,0,,,0,0,0,0,0,0,0,zero
q319,B,B,Ro,B B B,R R Ro,B,Ro,q319,1,0,,,378,1722,1656,-2058,-774,241743111354723550353/122070312500000000000,999508146551567840087133/500000000000000000000000,positive
q319,B,B,Ro,B B B,R R Ro,B,R,q319,1,0,,,378,1722,1656,-2058,-774,241743111354723550353/122070312500000000000,999508146551567840087133/500000000000000000000000,positive
q320,B,B,Ro,B B B,R R R,Bo,Ro,q312,1,0,,,0,0,0,0,0,0,0,zero
q320,B,B,Ro,B B B,R R R,Bo,R,q312,1,0,,,0,0,0,0,0,0,0,zero
q320,B,B,Ro,B B B,R R R,B,Ro,q320,1,0,,,378,1722,1656,-2058,-774,241743111354723550353/122070312500000000000,999508146551567840087133/500000000000000000000000,positive
q320,B,B,Ro,B B B,R R R,B,R,q320,1,0,,,378,1722,1656,-2058,-774,241743111354723550353/122070312500000000000,999508146551567840087133/500000000000000000000000,positive
q321,B,B,R,Bo Bo Bo,Ro Ro Ro,Bo,Ro,q065,0,1,q129,0,-3192,-13944,-16416,18360,7128,384205810816273278357531/125000000000000000000000,98994788824979509071/30517578125000000000,positive
q321,B,B,R,Bo Bo Bo,Ro Ro Ro,Bo,R,q065,0,1,q130,0,-1596,-6972,-8208,9180,3564,384205810816273278357531/250000000000000000000000,98994788824979509071/61035156250000000000,positive
q321,B,B,R,Bo Bo Bo,Ro Ro Ro,B,Ro,q073,0,1,q129,0,-1596,-6972,-8208,9180,3564,384205810816273278357531/250000000000000000000000,98994788824979509071/61035156250000000000,positive
q321,B,B,R,Bo Bo Bo,Ro Ro Ro,B,R,q073,0,1,q130,0,0,0,0,0,0,0,0,zero
q322,B,B,R,Bo Bo Bo,Ro Ro R,Bo,Ro,q066,0,1,q131,0,-180,-684,-960,996,396,203047867276943673373059/250000000000000000000000,50144761124361674619/61035156250000000000,positive
q322,B,B,R,Bo Bo Bo,Ro Ro R,Bo,R,q066,0,1,q132,0,-180,-684,-960,996,396,203047867276943673373059/250000000000000000000000,50144761124361674619/61035156250000000000,positive
q322,B,B,R,Bo Bo Bo,Ro Ro R,B,Ro,q074,0,1,q131,0,0,0,0,0,0,0,0,zero
q322,B,B,R,Bo Bo Bo,Ro Ro R,B,R,q074,0,1,q132,0,0,0,0,0,0,0,0,zero
q323,B,B,R,Bo Bo Bo,Ro R Ro,Bo,Ro,q067,0,1,q133,0,-1400,-6464,-6684,7972,3036,607525821180670723860119/250000000000000000000000,19096568208528835963/7629394531250000000,positive
q323,B,B,R,Bo Bo Bo,Ro R Ro,Bo,R,q067,0,1,q134,0,0,0,0,0,0,0,0,zero
q323,B,B,R,Bo Bo Bo,Ro R Ro,B,Ro,q075,0,1,q133,0,-1400,-6464,-6684,7972,3036,607525821180670723860119/250000000000000000000000,19096568208528835963/7629394531250000000,positive
q323,B,B,R,Bo Bo Bo,Ro R Ro,B,R,q075,0,1,q134,0,0,0,0,0,0,0,0,zero
q324,B,B,R,Bo Bo Bo,Ro R R,Bo,Ro,q068,0,1,q135,0,0,0,0,0,0,0,0,zero
q324,B,B,R,Bo Bo Bo,Ro R R,Bo,R,q068,0,1,q136,0,0,0,0,0,0,0,0,zero
q324,B,B,R,Bo Bo Bo,Ro R R,B,Ro,q076,0,1,q135,0,6078,27396,26232,-32706,-12312,22370310602997826683/15258789062500000000,220307397894866639177901/125000000000000000000000,positive
q324,B,B,R,Bo Bo Bo,Ro R R,B,R,q076,0,1,q136,0,6078,27396,26232,-32706,-12312,22370310602997826683/15258789062500000000,220307397894866639177901/125000000000000000000000,positive
q325,B,B,R,Bo Bo Bo,R Ro Ro,Bo,Ro,q069,0,0,,,1556,7172,7644,-8968,-3432,29147634613657637677/61035156250000000000,69985155771192801383411/125000000000000000000000,positive
q325,B,B,R,Bo Bo Bo,R Ro Ro,Bo,R,q069,0,0,,,1556,7172,7644,-8968,-3432,29147634613657637677/61035156250000000000,69985155771192801383411/125000000000000000000000,positive
q325,B,B,R,Bo Bo Bo,R Ro Ro,B,Ro,q077,0,0,,,0,0,0,0,0,0,0,zero
q325,B,B,R,Bo Bo Bo,R Ro Ro,B,R,q077,0,0,,,0,0,0,0,0,0,0,zero
q326,B,B,R,Bo Bo Bo,R Ro R,Bo,Ro,q070,0,0,,,0,0,0,0,0,0,0,zero
q326,B,B,R,Bo Bo Bo,R Ro R,Bo,R,q070,0,0,,,0,0,0,0,0,0,0,zero
q326,B,B,R,Bo Bo Bo,R Ro R,B,Ro,q078,0,0,,,72,112,72,-136,-48,15447913935407349739/30517578125000000000,31707627636409632306877/62500000000000000000000,positive
q326,B,B,R,Bo Bo Bo,R Ro R,B,R,q078,0,0,,,72,112,72,-136,-48,15447913935407349739/30517578125000000000,31707627636409632306877/62500000000000000000000,positive
q327,B,B,R,Bo Bo Bo,R R Ro,Bo,Ro,q071,0,0,,,0,0,0,0,0,0,0,zero
q327,B,B,R,Bo Bo Bo,R R Ro,Bo,R,q071,0,0,,,0,0,0,0,0,0,0,zero
q327,B,B,R,Bo Bo Bo,R R Ro,B,Ro,q079,0,0,,,-986,-4526,-4432,5450,2058,888394044559715905241189/500000000000000000000000,222939469522258886949/122070312500000000000,positive
q327,B,B,R,Bo Bo Bo,R R Ro,B,R,q079,0,0,,,-986,-4526,-4432,5450,2058,888394044559715905241189/500000000000000000000000,222939469522258886949/122070312500000000000,positive
q328,B,B,R,Bo Bo Bo,R R R,Bo,Ro,q072,0,0,,,0,0,0,0,0,0,0,zero
q328,B,B,R,Bo Bo Bo,R R R,Bo,R,q072,0,0,,,0,0,0,0,0,0,0,zero
q328,B,B,R,Bo Bo Bo,R R R,B,Ro,q080,0,0,,,5532,24894,23796,-29700,-11178,390748075226920195941/122070312500000000000,1735053922046133966211851/500000000000000000000000,positive
q328,B,B,R,Bo Bo Bo,R R R,B,R,q080,0,0,,,5532,24894,23796,-29700,-11178,390748075226920195941/122070312500000000000,1735053922046133966211851/500000000000000000000000,positive
q329,B,B,R,Bo Bo B,Ro Ro Ro,Bo,Ro,q081,0,1,q137,0,-180,-684,-960,996,396,203047867276943673373059/250000000000000000000000,50144761124361674619/61035156250000000000,positive
q329,B,B,R,Bo Bo B,Ro Ro Ro,Bo,R,q081,0,1,q138,0,0,0,0,0,0,0,0,zero
q329,B,B,R,Bo Bo B,Ro Ro Ro,B,Ro,q089,0,1,q137,0,-180,-684,-960,996,396,203047867276943673373059/250000000000000000000000,50144761124361674619/61035156250000000000,positive
q329,B,B,R,Bo Bo B,Ro Ro Ro,B,R,q089,0,1,q138,0,0,0,0,0,0,0,0,zero
q330,B,B,R,Bo Bo B,Ro Ro R,Bo,Ro,q082,0,1,q139,0,0,0,0,0,0,0,0,zero
q330,B,B,R,Bo Bo B,Ro Ro R,Bo,R,q082,0,1,q140,0,6078,27396,26232,-32706,-12312,22370310602997826683/15258789062500000000,220307397894866639177901/125000000000000000000000,positive
q330,B,B,R,Bo Bo B,Ro Ro R,B,Ro,q090,0,1,q139,0,38295,172959,164850,-206049,-77499,112031108523961677231/244140625000000000000,2325191304796624344053541/1000000000000000000000000,positive
q330,B,B,R,Bo Bo B,Ro Ro R,B,R,q090,0,1,q140,0,44373,200355,191082,-238755,-89811,469956078171926904159/244140625000000000000,4087650487955557457476749/1000000000000000000000000,positive
q331,B,B,R,Bo Bo B,Ro R Ro,Bo,Ro,q083,0,1,q141,0,-240,-1132,-1208,1416,540,62946175281025397338107/50000000000000000000000,15526277428464915237/12207031250000000000,positive
q331,B,B,R,Bo Bo B,Ro R Ro,Bo,R,q083,0,1,q142,0,0,0,0,0,0,0,0,zero
q331,B,B,R,Bo Bo B,Ro R Ro,B,Ro,q091,0,1,q141,0,8024,36168,34300,-42996,-16164,90180666636223036327/30517578125000000000,836070279438368100863319/250000000000000000000000,positive
q331,B,B,R,Bo Bo B,Ro R Ro,B,R,q091,0,1,q142,0,8264,37300,35508,-44412,-16704,102729946130121496469/61035156250000000000,32583712689577569635799/15625000000000000000000,positive
q332,B,B,R,Bo Bo B,Ro R R,Bo,Ro,q084,0,1,q143,0,0,0,0,0,0,0,0,zero
q332,B,B,R,Bo Bo B,Ro R R,Bo,R,q084,0,1,q144,0,-4412,-19954,-19112,23816,8970,171932031764148516943777/100000000000000000000000,47246340382055574957/24414062500000000000,positive
q332,B,B,R,Bo Bo B,Ro R R,B,Ro,q092,0,1,q143,0,-30689,-138705,-132136,165201,62127,2862011702957540298384207/1000000000000000000000000,1064024255735922979087/244140625000000000000,positive
q332,B,B,R,Bo Bo B,Ro R R,B,R,q092,0,1,q144,0,-35101,-158659,-151248,189017,71097,4581332020599025467821977/1000000000000000000000000,1536487659556478728657/244140625000000000000,positive
q333,B,B,R,Bo Bo B,R Ro Ro,Bo,Ro,q085,0,0,,,0,0,0,0,0,0,0,zero
q333,B,B,R,Bo Bo B,R Ro Ro,Bo,R,q085,0,0,,,0,0,0,0,0,0,0,zero
q333,B,B,R,Bo Bo B,R Ro Ro,B,Ro,q093,0,0,,,-2046,-9240,-8808,11010,4140,56880806908148558825487/50000000000000000000000,15104132847864191817/12207031250000000000,positive
q333,B,B,R,Bo Bo B,R Ro Ro,B,R,q093,0,0,,,-2046,-9240,-8808,11010,4140,56880806908148558825487/50000000000000000000000,15104132847864191817/12207031250000000000,positive
q334,B,B,R,Bo Bo B,R Ro R,Bo,Ro,q086,0,0,,,0,0,0,0,0,0,0,zero
q334,B,B,R,Bo Bo B,R Ro R,Bo,R,q086,0,0,,,0,0,0,0,0,0,0,zero
q334,B,B,R,Bo Bo B,R Ro R,B,Ro,q094,0,0,,,-25235,-113925,-108384,135623,50991,2514021722857172279511631/1000000000000000000000000,913604007696879469671/244140625000000000000,positive
q334,B,B,R,Bo Bo B,R Ro R,B,R,q094,0,0,,,-25235,-113925,-108384,135623,50991,2514021722857172279511631/1000000000000000000000000,913604007696879469671/244140625000000000000,positive
q335,B,B,R,Bo Bo B,R R Ro,Bo,Ro,q087,0,0,,,0,0,0,0,0,0,0,zero
q335,B,B,R,Bo Bo B,R R Ro,Bo,R,q087,0,0,,,0,0,0,0,0,0,0,zero
q335,B,B,R,Bo Bo B,R R Ro,B,Ro,q095,0,0,,,9126,41282,39436,-49218,-18522,324357908249348236209/122070312500000000000,1551552758339787624829299/500000000000000000000000,positive
q335,B,B,R,Bo Bo B,R R Ro,B,R,q095,0,0,,,9126,41282,39436,-49218,-18522,324357908249348236209/122070312500000000000,1551552758339787624829299/500000000000000000000000,positive
q336,B,B,R,Bo Bo B,R R R,Bo,Ro,q088,0,0,,,0,0,0,0,0,0,0,zero
q336,B,B,R,Bo Bo B,R R R,Bo,R,q088,0,0,,,0,0,0,0,0,0,0,zero
q336,B,B,R,Bo Bo B,R R R,B,Ro,q096,0,0,,,-28723,-129773,-123556,154531,58107,3606802598090183829599387/1000000000000000000000000,1222234137308773397967/244140625000000000000,positive
q336,B,B,R,Bo Bo B,R R R,B,R,q096,0,0,,,-28723,-129773,-123556,154531,58107,3606802598090183829599387/1000000000000000000000000,1222234137308773397967/244140625000000000000,positive
q337,B,B,R,Bo B Bo,Ro Ro Ro,Bo,Ro,q097,0,1,q145,0,-1400,-6464,-6684,7972,3036,607525821180670723860119/250000000000000000000000,19096568208528835963/7629394531250000000,positive
q337,B,B,R,Bo B Bo,Ro Ro Ro,Bo,R,q097,0,1,q146,0,-1400,-6464,-6684,7972,3036,607525821180670723860119/250000000000000000000000,19096568208528835963/7629394531250000000,positive
q337,B,B,R,Bo B Bo,Ro Ro Ro,B,Ro,q105,0,1,q145,0,0,0,0,0,0,0,0,zero
q337,B,B,R,Bo B Bo,Ro Ro Ro,B,R,q105,0,1,q146,0,0,0,0,0,0,0,0,zero
q338,B,B,R,Bo B Bo,Ro Ro R,Bo,Ro,q098,0,1,q147,0,-240,-1132,-1208,1416,540,62946175281025397338107/50000000000000000000000,15526277428464915237/12207031250000000000,positive
q338,B,B,R,Bo B Bo,Ro Ro R,Bo,R,q098,0,1,q148,0,1032,4564,4192,-5360,-2004,200214954016522836019/61035156250000000000,832159425651529471748459/250000000000000000000000,positive
q338,B,B,R,Bo B Bo,Ro Ro R,B,Ro,q106,0,1,q147,0,0,0,0,0,0,0,0,zero
q338,B,B,R,Bo B Bo,Ro Ro R,B,R,q106,0,1,q148,0,1272,5696,5400,-6776,-2544,61291783437099129917/30517578125000000000,129357137311600621264481/62500000000000000000000,positive
q339,B,B,R,Bo B Bo,Ro R Ro,Bo,Ro,q099,0,1,q149,0,-72,-344,-384,440,168,91055127781484222351861/125000000000000000000000,22353842474677643101/30517578125000000000,positive
q339,B,B,R,Bo B Bo,Ro R Ro,Bo,R,q099,0,1,q150,0,-36,-172,-192,220,84,91055127781484222351861/250000000000000000000000,22353842474677643101/61035156250000000000,positive
q339,B,B,R,Bo B Bo,Ro R Ro,B,Ro,q107,0,1,q149,0,-36,-172,-192,220,84,91055127781484222351861/250000000000000000000000,22353842474677643101/61035156250000000000,positive
q339,B,B,R,Bo B Bo,Ro R Ro,B,R,q107,0,1,q150,0,0,0,0,0,0,0,0,zero
q340,B,B,R,Bo B Bo,Ro R R,Bo,Ro,q100,0,1,q151,0,0,0,0,0,0,0,0,zero
q340,B,B,R,Bo B Bo,Ro R R,Bo,R,q100,0,1,q152,0,-944,-4260,-4072,5088,1908,538304612783747586706557/250000000000000000000000,134232199387704219187/61035156250000000000,positive
q340,B,B,R,Bo B Bo,Ro R R,B,Ro,q108,0,1,q151,0,2586,11676,11132,-13898,-5244,26469575075402465821/15258789062500000000,465184078062921398105249/250000000000000000000000,positive
q340,B,B,R,Bo B Bo,Ro R R,B,R,q108,0,1,q152,0,1642,7416,7060,-8810,-3336,240110499689314082471/61035156250000000000,501744345423334492405903/125000000000000000000000,positive
q341,B,B,R,Bo B Bo,R Ro Ro,Bo,Ro,q101,0,0,,,888,4080,4056,-4944,-1872,15171536082499452321/30517578125000000000,33885134646217417468203/62500000000000000000000,positive
q341,B,B,R,Bo B Bo,R Ro Ro,Bo,R,q101,0,0,,,888,4080,4056,-4944,-1872,15171536082499452321/30517578125000000000,33885134646217417468203/62500000000000000000000,positive
q341,B,B,R,Bo B Bo,R Ro Ro,B,Ro,q109,0,0,,,0,0,0,0,0,0,0,zero
q341,B,B,R,Bo B Bo,R Ro Ro,B,R,q109,0,0,,,0,0,0,0,0,0,0,zero
q342,B,B,R,Bo B Bo,R Ro R,Bo,Ro,q102,0,0,,,0,0,0,0,0,0,0,zero
q342,B,B,R,Bo B Bo,R Ro R,Bo,R,q102,0,0,,,0,0,0,0,0,0,0,zero
q342,B,B,R,Bo B Bo,R Ro R,B,Ro,q110,0,0,,,8,32,64,-56,-24,20748475642160104557/30517578125000000000,85055126338959082806877/125000000000000000000000,positive
q342,B,B,R,Bo B Bo,R Ro R,B,R,q110,0,0,,,8,32,64,-56,-24,20748475642160104557/30517578125000000000,85055126338959082806877/125000000000000000000000,positive
q343,B,B,R,Bo B Bo,R R Ro,Bo,Ro,q103,0,0,,,0,0,0,0,0,0,0,zero
q343,B,B,R,Bo B Bo,R R Ro,Bo,R,q103,0,0,,,0,0,0,0,0,0,0,zero
q343,B,B,R,Bo B Bo,R R Ro,B,Ro,q111,0,0,,,-398,-1790,-1656,2110,786,836959625078909598299113/500000000000000000000000,206656242238052990533/122070312500000000000,positive
q343,B,B,R,Bo B Bo,R R Ro,B,R,q111,0,0,,,-398,-1790,-1656,2110,786,836959625078909598299113/500000000000000000000000,206656242238052990533/122070312500000000000,positive
q344,B,B,R,Bo B Bo,R R R,Bo,Ro,q104,0,0,,,0,0,0,0,0,0,0,zero
q344,B,B,R,Bo B Bo,R R R,Bo,R,q104,0,0,,,0,0,0,0,0,0,0,zero
q344,B,B,R,Bo B Bo,R R R,B,Ro,q112,0,0,,,1438,6490,6204,-7730,-2922,363240892052196763009/122070312500000000000,1522911141018040374949099/500000000000000000000000,positive
q344,B,B,R,Bo B Bo,R R R,B,R,q112,0,0,,,1438,6490,6204,-7730,-2922,363240892052196763009/122070312500000000000,1522911141018040374949099/500000000000000000000000,positive
q345,B,B,R,Bo B B,Ro Ro Ro,Bo,Ro,q113,0,1,q153,0,0,0,0,0,0,0,0,zero
q345,B,B,R,Bo B B,Ro Ro Ro,Bo,R,q113,0,1,q154,0,38295,172959,164850,-206049,-77499,112031108523961677231/244140625000000000000,2325191304796624344053541/1000000000000000000000000,positive
q345,B,B,R,Bo B B,Ro Ro Ro,B,Ro,q121,0,1,q153,0,0,0,0,0,0,0,0,zero
q345,B,B,R,Bo B B,Ro Ro Ro,B,R,q121,0,1,q154,0,38295,172959,164850,-206049,-77499,112031108523961677231/244140625000000000000,2325191304796624344053541/1000000000000000000000000,positive
q346,B,B,R,Bo B B,Ro Ro R,Bo,Ro,q114,0,1,q155,0,0,0,0,0,0,0,0,zero
q346,B,B,R,Bo B B,Ro Ro R,Bo,R,q114,0,1,q156,0,-37681,-170309,-162244,202837,76287,2846368287810185781924767/1000000000000000000000000,1143438738712230032547/244140625000000000000,positive
q346,B,B,R,Bo B B,Ro Ro R,B,Ro,q122,0,1,q155,0,-29637,-133913,-127622,159523,59997,1172231611151148455266877/1000000000000000000000000,638942781968252245807/244140625000000000000,positive
q346,B,B,R,Bo B B,Ro Ro R,B,R,q122,0,1,q156,0,-67318,-304222,-289866,362360,136284,1004649974740333559297911/250000000000000000000000,891190760340241139177/122070312500000000000,positive
q347,B,B,R,Bo B B,Ro R Ro,Bo,Ro,q115,0,1,q157,0,0,0,0,0,0,0,0,zero
q347,B,B,R,Bo B B,Ro R Ro,Bo,R,q115,0,1,q158,0,15653,70685,67294,-84179,-31641,323206901870093856429/244140625000000000000,2086090018178237914131719/1000000000000000000000000,positive
q347,B,B,R,Bo B B,Ro R Ro,B,Ro,q123,0,1,q157,0,-6800,-30726,-29284,36600,13770,202507789243117240643457/100000000000000000000000,57534670397026102087/24414062500000000000,positive
q347,B,B,R,Bo B B,Ro R Ro,B,R,q123,0,1,q158,0,8853,39959,38010,-47579,-17871,898553605840354877299/244140625000000000000,4111167910609410320566289/1000000000000000000000000,positive
q348,B,B,R,Bo B B,Ro R R,Bo,Ro,q116,0,1,q159,0,0,0,0,0,0,0,0,zero
q348,B,B,R,Bo B B,Ro R R,Bo,R,q116,0,1,q160,0,24599,111149,105846,-132361,-49773,717384341188312923937/244140625000000000000,4137144400719286240896307/1000000000000000000000000,positive
q348,B,B,R,Bo B B,Ro R R,B,Ro,q124,0,1,q159,0,17356,78430,74694,-93398,-35124,379820860037413623553/122070312500000000000,989347183603433272228979/250000000000000000000000,positive
q348,B,B,R,Bo B B,Ro R R,B,R,q124,0,1,q160,0,41955,189579,180540,-225759,-84897,1477026061263140171043/244140625000000000000,8094533135133019329812223/1000000000000000000000000,positive
q349,B,B,R,Bo B B,R Ro Ro,Bo,Ro,q117,0,0,,,0,0,0,0,0,0,0,zero
q349,B,B,R,Bo B B,R Ro Ro,Bo,R,q117,0,0,,,0,0,0,0,0,0,0,zero
q349,B,B,R,Bo B B,R Ro Ro,B,Ro,q125,0,0,,,1922,8696,8304,-10366,-3900,3815923140654444241/2441406250000000000,16569198555030714269401/10000000000000000000000,positive
q349,B,B,R,Bo B B,R Ro Ro,B,R,q125,0,0,,,1922,8696,8304,-10366,-3900,3815923140654444241/2441406250000000000,16569198555030714269401/10000000000000000000000,positive
q350,B,B,R,Bo B B,R Ro R,Bo,Ro,q118,0,0,,,0,0,0,0,0,0,0,zero
q350,B,B,R,Bo B B,R Ro R,Bo,R,q118,0,0,,,0,0,0,0,0,0,0,zero
q350,B,B,R,Bo B B,R Ro R,B,Ro,q126,0,0,,,13548,61168,58202,-72822,-27378,76082118589907261679/30517578125000000000,1576241101024932357779751/500000000000000000000000,positive
q350,B,B,R,Bo B B,R Ro R,B,R,q126,0,0,,,13548,61168,58202,-72822,-27378,76082118589907261679/30517578125000000000,1576241101024932357779751/500000000000000000000000,positive
q351,B,B,R,Bo B B,R R Ro,Bo,Ro,q119,0,0,,,0,0,0,0,0,0,0,zero
q351,B,B,R,Bo B B,R R Ro,Bo,R,q119,0,0,,,0,0,0,0,0,0,0,zero
q351,B,B,R,Bo B B,R R Ro,B,Ro,q127,0,0,,,-4544,-20570,-19650,24526,9228,623836663480641121011587/250000000000000000000000,331733585303654925709/122070312500000000000,positive
q351,B,B,R,Bo B B,R R Ro,B,R,q127,0,0,,,-4544,-20570,-19650,24526,9228,623836663480641121011587/250000000000000000000000,331733585303654925709/122070312500000000000,positive
q352,B,B,R,Bo B B,R R R,Bo,Ro,q120,0,0,,,0,0,0,0,0,0,0,zero
q352,B,B,R,Bo B B,R R R,Bo,R,q120,0,0,,,0,0,0,0,0,0,0,zero
q352,B,B,R,Bo B B,R R R,B,Ro,q128,0,0,,,8915,40259,38304,-47923,-18021,696599478398138948899/244140625000000000000,3287262569247562262910139/1000000000000000000000000,positive
q352,B,B,R,Bo B B,R R R,B,R,q128,0,0,,,8915,40259,38304,-47923,-18021,696599478398138948899/244140625000000000000,3287262569247562262910139/1000000000000000000000000,positive
q353,B,B,R,B Bo Bo,Ro Ro Ro,Bo,Ro,q321,1,1,q161,0,2744,12704,13740,-15988,-6132,69008227795345425251/30517578125000000000,602073477246245174314147/250000000000000000000000,positive
q353,B,B,R,B Bo Bo,Ro Ro Ro,Bo,R,q321,1,1,q162,0,1188,5532,6096,-7020,-2700,4354752839081328513/2441406250000000000,18484126628154382861893/10000000000000000000000,positive
q353,B,B,R,B Bo Bo,Ro Ro Ro,B,Ro,q329,1,1,q161,0,1556,7172,7644,-8968,-3432,29147634613657637677/61035156250000000000,69985155771192801383411/125000000000000000000000,positive
q353,B,B,R,B Bo Bo,Ro Ro Ro,B,R,q329,1,1,q162,0,0,0,0,0,0,0,0,zero
q354,B,B,R,B Bo Bo,Ro Ro R,Bo,Ro,q322,1,1,q163,0,132,612,768,-828,-324,57429326428927698039/61035156250000000000,237165374689301829785679/250000000000000000000000,positive
q354,B,B,R,B Bo Bo,Ro Ro R,Bo,R,q322,1,1,q164,0,-236,-1028,-780,1120,408,279649114425387899283091/125000000000000000000000,137150512792303273187/61035156250000000000,positive
q354,B,B,R,B Bo Bo,Ro Ro R,B,Ro,q330,1,1,q163,0,0,0,0,0,0,0,0,zero
q354,B,B,R,B Bo Bo,Ro Ro R,B,R,q330,1,1,q164,0,-368,-1640,-1548,1948,732,322132854161473968780503/250000000000000000000000,19930296590843893787/15258789062500000000,positive
q355,B,B,R,B Bo Bo,Ro R Ro,Bo,Ro,q323,1,1,q165,0,888,4080,4056,-4944,-1872,15171536082499452321/30517578125000000000,33885134646217417468203/62500000000000000000000,positive
q355,B,B,R,B Bo Bo,Ro R Ro,Bo,R,q323,1,1,q166,0,0,0,0,0,0,0,0,zero
q355,B,B,R,B Bo Bo,Ro R Ro,B,Ro,q331,1,1,q165,0,888,4080,4056,-4944,-1872,15171536082499452321/30517578125000000000,33885134646217417468203/62500000000000000000000,positive
q355,B,B,R,B Bo Bo,Ro R Ro,B,R,q331,1,1,q166,0,0,0,0,0,0,0,0,zero
q356,B,B,R,B Bo Bo,Ro R R,Bo,Ro,q324,1,1,q167,0,0,0,0,0,0,0,0,zero
q356,B,B,R,B Bo Bo,Ro R R,Bo,R,q324,1,1,q168,0,244,1096,1044,-1304,-492,45598778196153244981/30517578125000000000,376501144255036682081957/250000000000000000000000,positive
q356,B,B,R,B Bo Bo,Ro R R,B,Ro,q332,1,1,q167,0,-4104,-18546,-17748,22128,8334,908221430849042728247847/500000000000000000000000,246217542227539864077/122070312500000000000,positive
q356,B,B,R,B Bo Bo,Ro R R,B,R,q332,1,1,q168,0,-3860,-17450,-16704,20824,7842,1661223719359116092411761/500000000000000000000000,428612655012152844001/122070312500000000000,positive
q357,B,B,R,B Bo Bo,R Ro Ro,Bo,Ro,q325,1,0,,,-748,-3460,-3516,4232,1608,10680359135719471939241/125000000000000000000000,7573550186601379987/61035156250000000000,positive
q357,B,B,R,B Bo Bo,R Ro Ro,Bo,R,q325,1,0,,,-748,-3460,-3516,4232,1608,10680359135719471939241/125000000000000000000000,7573550186601379987/61035156250000000000,positive
q357,B,B,R,B Bo Bo,R Ro Ro,B,Ro,q333,1,0,,,0,0,0,0,0,0,0,zero
q357,B,B,R,B Bo Bo,R Ro Ro,B,R,q333,1,0,,,0,0,0,0,0,0,0,zero
q358,B,B,R,B Bo Bo,R Ro R,Bo,Ro,q326,1,0,,,0,0,0,0,0,0,0,zero
q358,B,B,R,B Bo Bo,R Ro R,Bo,R,q326,1,0,,,0,0,0,0,0,0,0,zero
q358,B,B,R,B Bo Bo,R Ro R,B,Ro,q334,1,0,,,-16,-24,-64,56,24,73368873661040917193123/125000000000000000000000,17929014592214895443/30517578125000000000,positive
q358,B,B,R,B Bo Bo,R Ro R,B,R,q334,1,0,,,-16,-24,-64,56,24,73368873661040917193123/125000000000000000000000,17929014592214895443/30517578125000000000,positive
q359,B,B,R,B Bo Bo,R R Ro,Bo,Ro,q327,1,0,,,0,0,0,0,0,0,0,zero
q359,B,B,R,B Bo Bo,R R Ro,Bo,R,q327,1,0,,,0,0,0,0,0,0,0,zero
q359,B,B,R,B Bo Bo,R R Ro,B,Ro,q335,1,0,,,642,2926,2764,-3470,-1302,213442734052700407619/122070312500000000000,889959168787000097092309/500000000000000000000000,positive
q359,B,B,R,B Bo Bo,R R Ro,B,R,q335,1,0,,,642,2926,2764,-3470,-1302,213442734052700407619/122070312500000000000,889959168787000097092309/500000000000000000000000,positive
q360,B,B,R,B Bo Bo,R R R,Bo,Ro,q328,1,0,,,0,0,0,0,0,0,0,zero
q360,B,B,R,B Bo Bo,R R R,Bo,R,q328,1,0,,,0,0,0,0,0,0,0,zero
q360,B,B,R,B Bo Bo,R R R,B,Ro,q336,1,0,,,-2270,-10230,-9800,12214,4602,1363747864536713133125341/500000000000000000000000,346462202450548367281/122070312500000000000,positive
q360,B,B,R,B Bo Bo,R R R,B,R,q336,1,0,,,-2270,-10230,-9800,12214,4602,1363747864536713133125341/500000000000000000000000,346462202450548367281/122070312500000000000,positive
q361,B,B,R,B Bo B,Ro Ro Ro,Bo,Ro,q337,1,1,q169,0,0,0,0,0,0,0,0,zero
q361,B,B,R,B Bo B,Ro Ro Ro,Bo,R,q337,1,1,q170,0,72,112,72,-136,-48,15447913935407349739/30517578125000000000,31707627636409632306877/62500000000000000000000,positive
q361,B,B,R,B Bo B,Ro Ro Ro,B,Ro,q345,1,1,q169,0,0,0,0,0,0,0,0,zero
q361,B,B,R,B Bo B,Ro Ro Ro,B,R,q345,1,1,q170,0,72,112,72,-136,-48,15447913935407349739/30517578125000000000,31707627636409632306877/62500000000000000000000,positive
q362,B,B,R,B Bo B,Ro Ro R,Bo,Ro,q338,1,1,q171,0,0,0,0,0,0,0,0,zero
q362,B,B,R,B Bo B,Ro Ro R,Bo,R,q338,1,1,q172,0,-4164,-18750,-17776,22288,8382,1544335416722161273792831/500000000000000000000000,401666693700409558871/122070312500000000000,positive
q362,B,B,R,B Bo B,Ro Ro R,B,Ro,q346,1,1,q171,0,-25833,-116703,-111204,139017,52281,1277175862781426000554521/1000000000000000000000000,619207221114622697661/244140625000000000000,positive
q362,B,B,R,B Bo B,Ro Ro R,B,R,q346,1,1,q172,0,-29997,-135453,-128980,161305,60663,4365846696225748548140183/1000000000000000000000000,1422540608515441815403/244140625000000000000,positive
q363,B,B,R,B Bo B,Ro R Ro,Bo,Ro,q339,1,1,q173,0,0,0,0,0,0,0,0,zero
q363,B,B,R,B Bo B,Ro R Ro,Bo,R,q339,1,1,q174,0,8,32,64,-56,-24,20748475642160104557/30517578125000000000,85055126338959082806877/125000000000000000000000,positive
q363,B,B,R,B Bo B,Ro R Ro,B,Ro,q347,1,1,q173,0,-5568,-25144,-23948,29940,11268,527634821939487148342497/250000000000000000000000,72685757304867762051/30517578125000000000,positive
q363,B,B,R,B Bo B,Ro R Ro,B,R,q347,1,1,q174,0,-5560,-25112,-23884,29884,11244,697745074617405313956251/250000000000000000000000,5839639559189241663/1907348632812500000,positive
q364,B,B,R,B Bo B,Ro R R,Bo,Ro,q340,1,1,q175,0,0,0,0,0,0,0,0,zero
q364,B,B,R,B Bo B,Ro R R,Bo,R,q340,1,1,q176,0,2080,9376,8904,-11144,-4200,847449406496891881/305175781250000000,14389538044492041408139/5000000000000000000000,positive
q364,B,B,R,B Bo B,Ro R R,B,Ro,q348,1,1,q175,0,20709,93565,89094,-111427,-41889,840264761111192648141/244140625000000000000,4450765956248486870423551/1000000000000000000000000,positive
q364,B,B,R,B Bo B,Ro R R,B,R,q348,1,1,q176,0,22789,102941,97998,-122571,-46089,1518224286308706152941/244140625000000000000,7328673565146895152051351/1000000000000000000000000,positive
q365,B,B,R,B Bo B,R Ro Ro,Bo,Ro,q341,1,0,,,0,0,0,0,0,0,0,zero
q365,B,B,R,B Bo B,R Ro Ro,Bo,R,q341,1,0,,,0,0,0,0,0,0,0,zero
q365,B,B,R,B Bo B,R Ro Ro,B,Ro,q349,1,0,,,1380,6234,5940,-7428,-2790,32379364901236305051/24414062500000000000,139350743346368330439561/100000000000000000000000,positive
q365,B,B,R,B Bo B,R Ro Ro,B,R,q349,1,0,,,1380,6234,5940,-7428,-2790,32379364901236305051/24414062500000000000,139350743346368330439561/100000000000000000000000,positive
q366,B,B,R,B Bo B,R Ro R,Bo,Ro,q342,1,0,,,0,0,0,0,0,0,0,zero
q366,B,B,R,B Bo B,R Ro R,Bo,R,q342,1,0,,,0,0,0,0,0,0,0,zero
q366,B,B,R,B Bo B,R Ro R,B,Ro,q350,1,0,,,5475,24705,23486,-29405,-11049,525455237545473927181/244140625000000000000,2418467277954829569727991/1000000000000000000000000,positive
q366,B,B,R,B Bo B,R Ro R,B,R,q350,1,0,,,5475,24705,23486,-29405,-11049,525455237545473927181/244140625000000000000,2418467277954829569727991/1000000000000000000000000,positive
q367,B,B,R,B Bo B,R R Ro,Bo,Ro,q343,1,0,,,0,0,0,0,0,0,0,zero
q367,B,B,R,B Bo B,R R Ro,Bo,R,q343,1,0,,,0,0,0,0,0,0,0,zero
q367,B,B,R,B Bo B,R R Ro,B,Ro,q351,1,0,,,-3408,-15432,-14754,18402,6930,238284951036610106011413/100000000000000000000000,972610303203823347/381469726562500000,positive
q367,B,B,R,B Bo B,R R Ro,B,R,q351,1,0,,,-3408,-15432,-14754,18402,6930,238284951036610106011413/100000000000000000000000,972610303203823347/381469726562500000,positive
q368,B,B,R,B Bo B,R R R,Bo,Ro,q344,1,0,,,0,0,0,0,0,0,0,zero
q368,B,B,R,B Bo B,R R R,Bo,R,q344,1,0,,,0,0,0,0,0,0,0,zero
q368,B,B,R,B Bo B,R R R,B,Ro,q352,1,0,,,6555,29595,28146,-35229,-13239,695310143329429566291/244140625000000000000,3166943718117421580748201/1000000000000000000000000,positive
q368,B,B,R,B Bo B,R R R,B,R,q352,1,0,,,6555,29595,28146,-35229,-13239,695310143329429566291/244140625000000000000,3166943718117421580748201/1000000000000000000000000,positive
q369,B,B,R,B B Bo,Ro Ro Ro,Bo,Ro,q353,1,1,q177,0,-1400,-6464,-6684,7972,3036,607525821180670723860119/250000000000000000000000,19096568208528835963/7629394531250000000,positive
q369,B,B,R,B B Bo,Ro Ro Ro,Bo,R,q353,1,1,q178,0,-7560,-34392,-33430,41302,15582,2024077193892756374540431/500000000000000000000000,134984284338671948399/30517578125000000000,positive
q369,B,B,R,B B Bo,Ro Ro Ro,B,Ro,q361,1,1,q177,0,0,0,0,0,0,0,0,zero
q369,B,B,R,B B Bo,Ro Ro Ro,B,R,q361,1,1,q178,0,-6160,-27928,-26746,33330,12546,809025551531414926820193/500000000000000000000000,58598011504556604547/30517578125000000000,positive
q370,B,B,R,B B Bo,Ro Ro R,Bo,Ro,q354,1,1,q179,0,-240,-1132,-1208,1416,540,62946175281025397338107/50000000000000000000000,15526277428464915237/12207031250000000000,positive
q370,B,B,R,B B Bo,Ro Ro R,Bo,R,q354,1,1,q180,0,7068,31948,30434,-38046,-14310,50787534752618338407/12207031250000000000,450512259320933063680329/100000000000000000000000,positive
q370,B,B,R,B B Bo,Ro Ro R,B,Ro,q362,1,1,q179,0,0,0,0,0,0,0,0,zero
q370,B,B,R,B B Bo,Ro Ro R,B,R,q362,1,1,q180,0,7308,33080,31642,-39462,-14850,3526125732415342317/1220703125000000000,64923981751776453800823/20000000000000000000000,positive
q371,B,B,R,B B Bo,Ro R Ro,Bo,Ro,q355,1,1,q181,0,-36,-172,-192,220,84,91055127781484222351861/250000000000000000000000,22353842474677643101/61035156250000000000,positive
q371,B,B,R,B B Bo,Ro R Ro,Bo,R,q355,1,1,q182,0,-2040,-9200,-8718,10934,4110,208039733736636420257851/100000000000000000000000,6650911674602106727/3051757812500000000,positive
q371,B,B,R,B B Bo,Ro R Ro,B,Ro,q363,1,1,q181,0,0,0,0,0,0,0,0,zero
q371,B,B,R,B B Bo,Ro R Ro,B,R,q363,1,1,q182,0,-2004,-9028,-8526,10714,4026,858088413120213656585533/500000000000000000000000,110664391017364491439/61035156250000000000,positive
q372,B,B,R,B B Bo,Ro R R,Bo,Ro,q356,1,1,q183,0,0,0,0,0,0,0,0,zero
q372,B,B,R,B B Bo,Ro R R,Bo,R,q356,1,1,q184,0,-4544,-20570,-19650,24526,9228,623836663480641121011587/250000000000000000000000,331733585303654925709/122070312500000000000,positive
q372,B,B,R,B B Bo,Ro R R,B,Ro,q364,1,1,q183,0,2586,11676,11132,-13898,-5244,26469575075402465821/15258789062500000000,465184078062921398105249/250000000000000000000000,positive
q372,B,B,R,B B Bo,Ro R R,B,R,q364,1,1,q184,0,-1958,-8894,-8518,10628,3984,272255185385890629779209/62500000000000000000000,543490185906874652277/122070312500000000000,positive
q373,B,B,R,B B Bo,R Ro Ro,Bo,Ro,q357,1,0,,,0,0,0,0,0,0,0,zero
q373,B,B,R,B B Bo,R Ro Ro,Bo,R,q357,1,0,,,0,0,0,0,0,0,0,zero
q373,B,B,R,B B Bo,R Ro Ro,B,Ro,q365,1,0,,,-248,-1136,-1116,1372,516,116264126488144053304289/250000000000000000000000,14572452536216322337/30517578125000000000,positive
q373,B,B,R,B B Bo,R Ro Ro,B,R,q365,1,0,,,-248,-1136,-1116,1372,516,116264126488144053304289/250000000000000000000000,14572452536216322337/30517578125000000000,positive
q374,B,B,R,B B Bo,R Ro R,Bo,Ro,q358,1,0,,,0,0,0,0,0,0,0,zero
q374,B,B,R,B B Bo,R Ro R,Bo,R,q358,1,0,,,0,0,0,0,0,0,0,zero
q374,B,B,R,B B Bo,R Ro R,B,Ro,q366,1,0,,,104,476,504,-592,-228,53280934040706205333/61035156250000000000,219599887398728068330663/250000000000000000000000,positive
q374,B,B,R,B B Bo,R Ro R,B,R,q366,1,0,,,104,476,504,-592,-228,53280934040706205333/61035156250000000000,219599887398728068330663/250000000000000000000000,positive
q375,B,B,R,B B Bo,R R Ro,Bo,Ro,q359,1,0,,,0,0,0,0,0,0,0,zero
q375,B,B,R,B B Bo,R R Ro,Bo,R,q359,1,0,,,0,0,0,0,0,0,0,zero
q375,B,B,R,B B Bo,R R Ro,B,Ro,q367,1,0,,,-398,-1790,-1656,2110,786,836959625078909598299113/500000000000000000000000,206656242238052990533/122070312500000000000,positive
q375,B,B,R,B B Bo,R R Ro,B,R,q367,1,0,,,-398,-1790,-1656,2110,786,836959625078909598299113/500000000000000000000000,206656242238052990533/122070312500000000000,positive
q376,B,B,R,B B Bo,R R R,Bo,Ro,q360,1,0,,,0,0,0,0,0,0,0,zero
q376,B,B,R,B B Bo,R R R,Bo,R,q360,1,0,,,0,0,0,0,0,0,0,zero
q376,B,B,R,B B Bo,R R R,B,Ro,q368,1,0,,,644,2918,2832,-3496,-1326,255803662072692232097/122070312500000000000,1063671256560330933319817/500000000000000000000000,positive
q376,B,B,R,B B Bo,R R R,B,R,q368,1,0,,,644,2918,2832,-3496,-1326,255803662072692232097/122070312500000000000,1063671256560330933319817/500000000000000000000000,positive
q377,B,B,R,B B B,Ro Ro Ro,Bo,Ro,q369,1,1,q185,0,0,0,0,0,0,0,0,zero
q377,B,B,R,B B B,Ro Ro Ro,Bo,R,q369,1,1,q186,0,37749,170457,162414,-203043,-76365,107120457865967368437/48828125000000000000,806567993145991832610807/200000000000000000000000,positive
q377,B,B,R,B B B,Ro Ro Ro,B,Ro,q377,1,1,q185,0,0,0,0,0,0,0,0,zero
q377,B,B,R,B B B,Ro Ro Ro,B,R,q377,1,1,q186,0,37749,170457,162414,-203043,-76365,107120457865967368437/48828125000000000000,806567993145991832610807/200000000000000000000000,positive
q378,B,B,R,B B B,Ro Ro R,Bo,Ro,q370,1,1,q187,0,0,0,0,0,0,0,0,zero
q378,B,B,R,B B B,Ro Ro R,Bo,R,q370,1,1,q188,0,-28472,-128658,-122512,153204,57618,1885457424624191232560169/500000000000000000000000,629695620699283064129/122070312500000000000,positive
q378,B,B,R,B B B,Ro Ro R,B,Ro,q378,1,1,q187,0,-29637,-133913,-127622,159523,59997,1172231611151148455266877/1000000000000000000000000,638942781968252245807/244140625000000000000,positive
q378,B,B,R,B B B,Ro Ro R,B,R,q378,1,1,q188,0,-58109,-262571,-250134,312727,117615,988629292079906184077443/200000000000000000000000,379666804673363674813/48828125000000000000,positive
q379,B,B,R,B B B,Ro R Ro,Bo,Ro,q371,1,1,q189,0,0,0,0,0,0,0,0,zero
q379,B,B,R,B B B,Ro R Ro,Bo,R,q371,1,1,q190,0,9622,43444,41372,-51742,-19452,41857637420204477193/15258789062500000000,802934793196805150447617/250000000000000000000000,positive
q379,B,B,R,B B B,Ro R Ro,B,Ro,q379,1,1,q189,0,-6800,-30726,-29284,36600,13770,202507789243117240643457/100000000000000000000000,57534670397026102087/24414062500000000000,positive
q379,B,B,R,B B B,Ro R Ro,B,R,q379,1,1,q190,0,2822,12718,12088,-15142,-5682,622534451346766327979/122070312500000000000,2618408532609196504112519/500000000000000000000000,positive
q380,B,B,R,B B B,Ro R R,Bo,Ro,q372,1,1,q191,0,0,0,0,0,0,0,0,zero
q380,B,B,R,B B B,Ro R R,Bo,R,q372,1,1,q192,0,8915,40259,38304,-47923,-18021,696599478398138948899/244140625000000000000,3287262569247562262910139/1000000000000000000000000,positive
q380,B,B,R,B B B,Ro R R,B,Ro,q380,1,1,q191,0,17356,78430,74694,-93398,-35124,379820860037413623553/122070312500000000000,989347183603433272228979/250000000000000000000000,positive
q380,B,B,R,B B B,Ro R R,B,R,q380,1,1,q192,0,26271,118689,112998,-141321,-53145,291248239694593239201/48828125000000000000,1448930260732259070365211/200000000000000000000000,positive
q381,B,B,R,B B B,R Ro Ro,Bo,Ro,q373,1,0,,,0,0,0,0,0,0,0,zero
q381,B,B,R,B B B,R Ro Ro,Bo,R,q373,1,0,,,0,0,0,0,0,0,0,zero
q381,B,B,R,B B B,R Ro Ro,B,Ro,q381,1,0,,,1922,8696,8304,-10366,-3900,3815923140654444241/2441406250000000000,16569198555030714269401/10000000000000000000000,positive
q381,B,B,R,B B B,R Ro Ro,B,R,q381,1,0,,,1922,8696,8304,-10366,-3900,3815923140654444241/2441406250000000000,16569198555030714269401/10000000000000000000000,positive
q382,B,B,R,B B B,R Ro R,Bo,Ro,q374,1,0,,,0,0,0,0,0,0,0,zero
q382,B,B,R,B B B,R Ro R,Bo,R,q374,1,0,,,0,0,0,0,0,0,0,zero
q382,B,B,R,B B B,R Ro R,B,Ro,q382,1,0,,,-546,-2502,-2436,3006,1134,853824330466667409500247/500000000000000000000000,211785590402937582477/122070312500000000000,positive
q382,B,B,R,B B B,R Ro R,B,R,q382,1,0,,,-546,-2502,-2436,3006,1134,853824330466667409500247/500000000000000000000000,211785590402937582477/122070312500000000000,positive
q383,B,B,R,B B B,R R Ro,Bo,Ro,q375,1,0,,,0,0,0,0,0,0,0,zero
q383,B,B,R,B B B,R R Ro,Bo,R,q375,1,0,,,0,0,0,0,0,0,0,zero
q383,B,B,R,B B B,R R Ro,B,Ro,q383,1,0,,,-546,-2502,-2436,3006,1134,853824330466667409500247/500000000000000000000000,211785590402937582477/122070312500000000000,positive
q383,B,B,R,B B B,R R Ro,B,R,q383,1,0,,,-546,-2502,-2436,3006,1134,853824330466667409500247/500000000000000000000000,211785590402937582477/122070312500000000000,positive
q384,B,B,R,B B B,R R R,Bo,Ro,q376,1,0,,,0,0,0,0,0,0,0,zero
q384,B,B,R,B B B,R R R,Bo,R,q376,1,0,,,0,0,0,0,0,0,0,zero
q384,B,B,R,B B B,R R R,B,Ro,q384,1,0,,,-546,-2502,-2436,3006,1134,853824330466667409500247/500000000000000000000000,211785590402937582477/122070312500000000000,positive
q384,B,B,R,B B B,R R R,B,R,q384,1,0,,,-546,-2502,-2436,3006,1134,853824330466667409500247/500000000000000000000000,211785590402937582477/122070312500000000000,positive
